Gesture,Node_0_X,Node_0_Y,Node_1_X,Node_1_Y,Node_2_X,Node_2_Y,Node_3_X,Node_3_Y,Node_4_X,Node_4_Y,Node_5_X,Node_5_Y,Node_6_X,Node_6_Y,Node_7_X,Node_7_Y,Node_8_X,Node_8_Y,Node_9_X,Node_9_Y,Node_10_X,Node_10_Y,Node_11_X,Node_11_Y,Node_12_X,Node_12_Y,Node_13_X,Node_13_Y,Node_14_X,Node_14_Y,Node_15_X,Node_15_Y,Node_16_X,Node_16_Y,Node_17_X,Node_17_Y,Node_18_X,Node_18_Y,Node_19_X,Node_19_Y,Node_20_X,Node_20_Y
Fist,0,0,-3.596967926,0.33586265,-7.171825244,-1.577452032,-8.430830692,-5.180760204,-7.446632193,-8.063469555,-7.803472819,-6.612685962,-9.56942225,-8.016748673,-7.860218065,-5.089868546,-7.107913036,-4.928313198,-6.089930197,-7.931755808,-7.581329327,-8.979551776,-5.890877025,-5.207597976,-5.333524437,-5.428202877,-4.109678366,-8.441225581,-5.309031281,-9.262206384,-4.037524324,-5.479110981,-3.564229361,-5.621582325,-1.824844284,-8.534935887,-2.934883114,-8.267095451,-2.346507057,-5.633498229,-1.921216893,-5.704558483
Fist,0,0,3.596967926,0.33586265,7.171825244,-1.577452032,8.430830692,-5.180760204,7.446632193,-8.063469555,7.803472819,-6.612685962,9.56942225,-8.016748673,7.860218065,-5.089868546,7.107913036,-4.928313198,6.089930197,-7.931755808,7.581329327,-8.979551776,5.890877025,-5.207597976,5.333524437,-5.428202877,4.109678366,-8.441225581,5.309031281,-9.262206384,4.037524324,-5.479110981,3.564229361,-5.621582325,1.824844284,-8.534935887,2.934883114,-8.267095451,2.346507057,-5.633498229,1.921216893,-5.704558483
Fist,0,0,-3.806492574,2.637907716,-8.49252522,2.137051898,-11.96158652,-1.589683762,-12.80288494,-5.435369651,-10.07871227,-2.432524991,-13.01854755,-4.246918108,-10.44244443,-1.796530475,-9.123339711,-1.34119516,-8.975124658,-4.409890857,-11.83579854,-6.01690268,-8.681001259,-2.784890143,-7.492236972,-2.87514893,-7.511476047,-6.027496675,-10.4812154,-7.57167559,-7.47798456,-4.095369105,-6.190334454,-3.99579928,-5.569928552,-7.592131462,-7.781175994,-7.547211423,-5.914145075,-5.023430103,-4.776390168,-4.976958418
Fist,0,0,3.806492574,2.637907716,8.49252522,2.137051898,11.96158652,-1.589683762,12.80288494,-5.435369651,10.07871227,-2.432524991,13.01854755,-4.246918108,10.44244443,-1.796530475,9.123339711,-1.34119516,8.975124658,-4.409890857,11.83579854,-6.01690268,8.681001259,-2.784890143,7.492236972,-2.87514893,7.511476047,-6.027496675,10.4812154,-7.57167559,7.47798456,-4.095369105,6.190334454,-3.99579928,5.569928552,-7.592131462,7.781175994,-7.547211423,5.914145075,-5.023430103,4.776390168,-4.976958418
Fist,0,0,-4.128954491,-1.36585936,-6.821108789,-4.964073149,-6.992403985,-9.264632145,-5.484312628,-11.97516219,-5.553525886,-9.062856773,-6.751310163,-12.2003427,-6.286666528,-8.857741468,-5.559494239,-7.728191109,-3.536169116,-9.353903356,-4.670817456,-12.0985818,-4.389281816,-8.01178248,-3.629691259,-7.443004782,-1.46109674,-9.062455114,-2.61819498,-11.75751545,-2.622341057,-7.640606312,-1.903481229,-6.91616785,0.855362114,-8.337291822,-0.749393799,-9.6493779,-0.938266568,-6.887381713,-0.221371024,-6.253694279
Fist,0,0,4.128954491,-1.36585936,6.821108789,-4.964073149,6.992403985,-9.264632145,5.484312628,-11.97516219,5.553525886,-9.062856773,6.751310163,-12.2003427,6.286666528,-8.857741468,5.559494239,-7.728191109,3.536169116,-9.353903356,4.670817456,-12.0985818,4.389281816,-8.01178248,3.629691259,-7.443004782,1.46109674,-9.062455114,2.61819498,-11.75751545,2.622341057,-7.640606312,1.903481229,-6.91616785,-0.855362114,-8.337291822,0.749393799,-9.6493779,0.938266568,-6.887381713,0.221371024,-6.253694279
Fist,0,0,-2.821851984,-1.370514939,-4.651866371,-4.68975057,-3.651921928,-7.564456155,-1.625197089,-8.836010126,-2.875225974,-9.928814055,-3.523396308,-10.1162959,-3.477358519,-6.957088304,-3.115863993,-6.908048396,-0.948885037,-9.954879064,-1.608416376,-9.759789242,-2.029094365,-6.203483318,-1.753452747,-6.533878014,0.764498471,-8.997992573,0.289103783,-8.290185894,-0.478893434,-5.137749449,-0.365665045,-5.700276475,2.484416661,-7.556921319,1.626521266,-6.253337791,0.889754381,-4.107159115,0.982928281,-4.610850914
Fist,0,0,2.821851984,-1.370514939,4.651866371,-4.68975057,3.651921928,-7.564456155,1.625197089,-8.836010126,2.875225974,-9.928814055,3.523396308,-10.1162959,3.477358519,-6.957088304,3.115863993,-6.908048396,0.948885037,-9.954879064,1.608416376,-9.759789242,2.029094365,-6.203483318,1.753452747,-6.533878014,-0.764498471,-8.997992573,-0.289103783,-8.290185894,0.478893434,-5.137749449,0.365665045,-5.700276475,-2.484416661,-7.556921319,-1.626521266,-6.253337791,-0.889754381,-4.107159115,-0.982928281,-4.610850914
Fist,0,0,-2.381875219,0.85376112,-5.140998399,0.168507865,-5.706986678,-1.821598446,-4.47289788,-3.992736531,-7.146794399,-6.710476635,-7.041158157,-5.201198043,-5.558101809,-2.983379319,-5.095020934,-2.930832552,-5.515540113,-8.341391806,-4.786056739,-5.807573573,-3.612895398,-2.97904196,-3.636387558,-3.27403544,-3.500264418,-8.618129592,-2.487806912,-5.513230936,-1.885718065,-2.960682507,-2.305503036,-3.607853059,-1.353997312,-8.177875777,-0.520271496,-4.887375765,-0.234614918,-2.913426576,-0.663986127,-3.422843038
Fist,0,0,2.381875219,0.85376112,5.140998399,0.168507865,5.706986678,-1.821598446,4.47289788,-3.992736531,7.146794399,-6.710476635,7.041158157,-5.201198043,5.558101809,-2.983379319,5.095020934,-2.930832552,5.515540113,-8.341391806,4.786056739,-5.807573573,3.612895398,-2.97904196,3.636387558,-3.27403544,3.500264418,-8.618129592,2.487806912,-5.513230936,1.885718065,-2.960682507,2.305503036,-3.607853059,1.353997312,-8.177875777,0.520271496,-4.887375765,0.234614918,-2.913426576,0.663986127,-3.422843038
Fist,0,0,-3.071749991,0.438187794,-6.381358994,-1.297868435,-6.791045514,-4.300664681,-5.224098472,-6.403506865,-7.055442499,-7.110787115,-7.860452574,-7.292603786,-6.425247864,-4.450175728,-6.029827687,-4.520798044,-5.373832375,-8.433381623,-6.050563128,-8.166327187,-4.685188397,-4.677466218,-4.476314984,-5.11233611,-3.433091519,-8.843005744,-3.727238019,-8.062419617,-2.776907247,-4.73803898,-2.780433757,-5.350240938,-1.260861297,-8.800130788,-1.609945901,-7.471476902,-1.106140199,-5.152357265,-1.032167187,-5.736251082
Fist,0,0,3.071749991,0.438187794,6.381358994,-1.297868435,6.791045514,-4.300664681,5.224098472,-6.403506865,7.055442499,-7.110787115,7.860452574,-7.292603786,6.425247864,-4.450175728,6.029827687,-4.520798044,5.373832375,-8.433381623,6.050563128,-8.166327187,4.685188397,-4.677466218,4.476314984,-5.11233611,3.433091519,-8.843005744,3.727238019,-8.062419617,2.776907247,-4.73803898,2.780433757,-5.350240938,1.260861297,-8.800130788,1.609945901,-7.471476902,1.106140199,-5.152357265,1.032167187,-5.736251082
Fist,0,0,-3.966809203,0.703986204,-8.019994886,-1.175176159,-9.87219316,-5.162285431,-9.122581031,-8.227652058,-8.82825238,-5.644867864,-11.165842,-8.172471559,-9.21709012,-5.102155731,-8.230673029,-4.339092206,-7.151912977,-6.989287572,-9.194425224,-9.251880363,-7.032485791,-5.368944399,-6.242346238,-5.013253816,-5.292800305,-7.963302546,-7.140735212,-9.931525257,-5.098925262,-5.960283571,-4.172421668,-5.396521852,-3.038941575,-8.74544564,-4.93397536,-9.982229065,-3.701274927,-7.15355251,-2.747692063,-6.459214419
Fist,0,0,3.966809203,0.703986204,8.019994886,-1.175176159,9.87219316,-5.162285431,9.122581031,-8.227652058,8.82825238,-5.644867864,11.165842,-8.172471559,9.21709012,-5.102155731,8.230673029,-4.339092206,7.151912977,-6.989287572,9.194425224,-9.251880363,7.032485791,-5.368944399,6.242346238,-5.013253816,5.292800305,-7.963302546,7.140735212,-9.931525257,5.098925262,-5.960283571,4.172421668,-5.396521852,3.038941575,-8.74544564,4.93397536,-9.982229065,3.701274927,-7.15355251,2.747692063,-6.459214419
Fist,0,0,-2.439672437,3.50528734,-6.23961412,5.286607554,-9.500063964,2.833533903,-9.560781846,-0.74984477,-10.08631083,1.789409276,-13.54791091,1.118586959,-10.20074947,2.102810805,-8.715186045,2.165481695,-9.952493319,-0.97358961,-13.29067999,-1.528259712,-9.372450215,-0.033564038,-8.250267423,-0.22843162,-9.221037668,-3.336788686,-12.21601985,-4.000354856,-8.474305214,-2.14781818,-7.259353311,-2.078711311,-7.922504338,-5.579352627,-10.02243785,-5.399042112,-7.646273906,-3.810978864,-6.575470644,-3.718724823
Fist,0,0,2.439672437,3.50528734,6.23961412,5.286607554,9.500063964,2.833533903,9.560781846,-0.74984477,10.08631083,1.789409276,13.54791091,1.118586959,10.20074947,2.102810805,8.715186045,2.165481695,9.952493319,-0.97358961,13.29067999,-1.528259712,9.372450215,-0.033564038,8.250267423,-0.22843162,9.221037668,-3.336788686,12.21601985,-4.000354856,8.474305214,-2.14781818,7.259353311,-2.078711311,7.922504338,-5.579352627,10.02243785,-5.399042112,7.646273906,-3.810978864,6.575470644,-3.718724823
Fist,0,0,-4.4633883,0.122971345,-8.408878959,-2.284265627,-9.179303521,-6.496885681,-7.483546854,-8.526425351,-8.658243451,-5.822966766,-10.57825229,-8.853421809,-8.955806427,-6.055853581,-7.981597384,-4.559151217,-6.910304688,-7.228256299,-8.846716575,-10.20970938,-7.218656404,-6.723003209,-6.420476465,-5.540057334,-5.003240434,-8.079494381,-6.638938865,-10.68688217,-5.156818487,-6.911871683,-4.315490787,-5.427354367,-2.780125593,-8.477663644,-4.433897066,-9.870057667,-3.549043488,-7.1667225,-2.740609517,-6.017233416
Fist,0,0,4.4633883,0.122971345,8.408878959,-2.284265627,9.179303521,-6.496885681,7.483546854,-8.526425351,8.658243451,-5.822966766,10.57825229,-8.853421809,8.955806427,-6.055853581,7.981597384,-4.559151217,6.910304688,-7.228256299,8.846716575,-10.20970938,7.218656404,-6.723003209,6.420476465,-5.540057334,5.003240434,-8.079494381,6.638938865,-10.68688217,5.156818487,-6.911871683,4.315490787,-5.427354367,2.780125593,-8.477663644,4.433897066,-9.870057667,3.549043488,-7.1667225,2.740609517,-6.017233416
Fist,0,0,-3.958260416,-1.074202156,-7.033029437,-4.790161265,-8.265617648,-8.995310895,-8.37272099,-12.15584924,-5.69834365,-9.143399541,-6.478329925,-12.02248217,-5.879535204,-8.646564275,-5.265330515,-7.29858911,-3.550201216,-9.348586595,-4.374505794,-12.0062009,-4.043345889,-7.897665424,-3.456668151,-7.351003621,-1.436841704,-8.879173999,-2.133927713,-11.42759593,-2.18571424,-7.507812595,-1.682753786,-6.84514436,0.782326413,-8.074739708,-0.083174756,-9.366947505,-0.466977514,-6.641355679,-0.123181754,-5.961026893
Fist,0,0,3.958260416,-1.074202156,7.033029437,-4.790161265,8.265617648,-8.995310895,8.37272099,-12.15584924,5.69834365,-9.143399541,6.478329925,-12.02248217,5.879535204,-8.646564275,5.265330515,-7.29858911,3.550201216,-9.348586595,4.374505794,-12.0062009,4.043345889,-7.897665424,3.456668151,-7.351003621,1.436841704,-8.879173999,2.133927713,-11.42759593,2.18571424,-7.507812595,1.682753786,-6.84514436,-0.782326413,-8.074739708,0.083174756,-9.366947505,0.466977514,-6.641355679,0.123181754,-5.961026893
Fist,0,0,-3.430964709,0.169974797,-6.781450818,-2.028520953,-6.809865127,-4.708702393,-4.253735694,-4.952220038,-6.996018555,-7.238459122,-8.625226555,-7.656635289,-7.076660978,-4.86342447,-6.121163737,-4.536477874,-5.399311949,-8.417091569,-6.981324955,-8.767991705,-5.504870841,-5.387646019,-4.608727765,-5.16071681,-3.611806251,-8.683524687,-4.97383586,-8.712772821,-3.881544505,-5.439561587,-3.101233266,-5.278356296,-1.637950125,-8.344699942,-2.895118769,-7.312981987,-2.47992212,-5.208352959,-1.886425492,-5.281558367
Fist,0,0,3.430964709,0.169974797,6.781450818,-2.028520953,6.809865127,-4.708702393,4.253735694,-4.952220038,6.996018555,-7.238459122,8.625226555,-7.656635289,7.076660978,-4.86342447,6.121163737,-4.536477874,5.399311949,-8.417091569,6.981324955,-8.767991705,5.504870841,-5.387646019,4.608727765,-5.16071681,3.611806251,-8.683524687,4.97383586,-8.712772821,3.881544505,-5.439561587,3.101233266,-5.278356296,1.637950125,-8.344699942,2.895118769,-7.312981987,2.47992212,-5.208352959,1.886425492,-5.281558367
Fist,0,0,-4.116878137,-0.891326416,-7.482520986,-3.648531825,-7.66382612,-7.099114566,-5.627910664,-8.838937503,-7.02098668,-7.448720156,-8.883374597,-9.804402956,-7.647631663,-6.792760063,-6.687301358,-5.732514667,-5.298388504,-8.48098339,-7.213320131,-10.80624955,-5.966094582,-7.187036331,-4.925525214,-6.455749857,-3.348031923,-8.93430458,-5.187285049,-11.055102,-4.128870828,-7.318067986,-3.133456289,-6.44044847,-1.052812235,-8.923110942,-3.074324797,-9.68893032,-2.531522609,-7.099777442,-1.634073658,-6.446244516
Fist,0,0,4.116878137,-0.891326416,7.482520986,-3.648531825,7.66382612,-7.099114566,5.627910664,-8.838937503,7.02098668,-7.448720156,8.883374597,-9.804402956,7.647631663,-6.792760063,6.687301358,-5.732514667,5.298388504,-8.48098339,7.213320131,-10.80624955,5.966094582,-7.187036331,4.925525214,-6.455749857,3.348031923,-8.93430458,5.187285049,-11.055102,4.128870828,-7.318067986,3.133456289,-6.44044847,1.052812235,-8.923110942,3.074324797,-9.68893032,2.531522609,-7.099777442,1.634073658,-6.446244516
Fist,0,0,-4.326921467,-0.272332482,-8.050662903,-3.158216255,-8.518907079,-7.410776576,-7.429975234,-10.36305902,-8.233375034,-6.401101018,-10.61519917,-9.504971093,-9.055610724,-6.691729857,-7.878853915,-5.333499331,-6.345176299,-7.729083888,-8.708343331,-10.91891418,-7.125297627,-7.227073991,-6.072073105,-6.236464653,-4.258597939,-8.426583337,-6.17862876,-11.11742904,-4.902488102,-7.20025478,-3.931147753,-5.993282337,-1.823984968,-8.720851401,-3.787285226,-10.38527454,-3.055016735,-7.556787883,-2.140758152,-6.477392277
Fist,0,0,4.326921467,-0.272332482,8.050662903,-3.158216255,8.518907079,-7.410776576,7.429975234,-10.36305902,8.233375034,-6.401101018,10.61519917,-9.504971093,9.055610724,-6.691729857,7.878853915,-5.333499331,6.345176299,-7.729083888,8.708343331,-10.91891418,7.125297627,-7.227073991,6.072073105,-6.236464653,4.258597939,-8.426583337,6.17862876,-11.11742904,4.902488102,-7.20025478,3.931147753,-5.993282337,1.823984968,-8.720851401,3.787285226,-10.38527454,3.055016735,-7.556787883,2.140758152,-6.477392277
Fist,0,0,-3.927303536,1.031348778,-7.821559808,-1.039655132,-8.7559931,-4.963265322,-8.674150112,-8.139896564,-9.239558281,-3.865129605,-12.02965393,-5.881837086,-10.01348819,-3.92966872,-7.963794177,-2.344368869,-8.156652242,-5.785241931,-11.22151294,-8.400835322,-8.932382088,-5.669854229,-6.877654184,-3.611783494,-6.616178379,-7.268234985,-9.245174685,-9.518395483,-6.90261831,-6.407289084,-5.034408526,-4.293330868,-4.694665786,-8.356495815,-7.167362966,-9.761212511,-5.71829007,-7.402975742,-4.232720156,-5.71800369
Fist,0,0,3.927303536,1.031348778,7.821559808,-1.039655132,8.7559931,-4.963265322,8.674150112,-8.139896564,9.239558281,-3.865129605,12.02965393,-5.881837086,10.01348819,-3.92966872,7.963794177,-2.344368869,8.156652242,-5.785241931,11.22151294,-8.400835322,8.932382088,-5.669854229,6.877654184,-3.611783494,6.616178379,-7.268234985,9.245174685,-9.518395483,6.90261831,-6.407289084,5.034408526,-4.293330868,4.694665786,-8.356495815,7.167362966,-9.761212511,5.71829007,-7.402975742,4.232720156,-5.71800369
Fist,0,0,-3.647815561,3.298369941,-8.767393348,3.237473028,-13.14156124,-0.252861565,-13.94475758,-4.304865263,-10.51018,-1.612511255,-13.46333693,-3.516356653,-10.84248187,-1.02731985,-9.196581151,-0.130122651,-9.209472128,-3.896873507,-12.3381634,-5.711863328,-8.884695496,-2.301463693,-7.041533777,-1.567992152,-7.659035151,-5.840365081,-10.71967966,-7.440785143,-7.287990211,-3.857908525,-5.229275241,-2.936101066,-5.677719604,-7.736407106,-8.043020084,-8.047060384,-5.753612946,-5.459562321,-4.133542392,-4.896023727
Fist,0,0,3.647815561,3.298369941,8.767393348,3.237473028,13.14156124,-0.252861565,13.94475758,-4.304865263,10.51018,-1.612511255,13.46333693,-3.516356653,10.84248187,-1.02731985,9.196581151,-0.130122651,9.209472128,-3.896873507,12.3381634,-5.711863328,8.884695496,-2.301463693,7.041533777,-1.567992152,7.659035151,-5.840365081,10.71967966,-7.440785143,7.287990211,-3.857908525,5.229275241,-2.936101066,5.677719604,-7.736407106,8.043020084,-8.047060384,5.753612946,-5.459562321,4.133542392,-4.896023727
Fist,0,0,-2.484322063,0.427438213,-5.021398698,-0.712499373,-5.034158937,-2.427523064,-3.134706426,-3.954275615,-5.876000859,-8.186245052,-5.349081845,-6.593285311,-4.481196204,-4.132284146,-4.359664057,-4.199929695,-3.673852144,-9.300688707,-2.95879561,-6.299774095,-2.701912049,-3.565997342,-2.900348971,-4.084440039,-1.442483433,-9.013578584,-0.663245609,-5.190366543,-0.933581061,-2.929921441,-1.439938334,-3.944380187,0.715068539,-8.027231748,1.133592924,-4.343724427,0.765865857,-2.505744845,0.244707338,-3.151425224
Fist,0,0,2.484322063,0.427438213,5.021398698,-0.712499373,5.034158937,-2.427523064,3.134706426,-3.954275615,5.876000859,-8.186245052,5.349081845,-6.593285311,4.481196204,-4.132284146,4.359664057,-4.199929695,3.673852144,-9.300688707,2.95879561,-6.299774095,2.701912049,-3.565997342,2.900348971,-4.084440039,1.442483433,-9.013578584,0.663245609,-5.190366543,0.933581061,-2.929921441,1.439938334,-3.944380187,-0.715068539,-8.027231748,-1.133592924,-4.343724427,-0.765865857,-2.505744845,-0.244707338,-3.151425224
Fist,0,0,-2.900778131,0.995987396,-6.3494104,0.16859337,-8.157148046,-2.605898636,-7.635099435,-5.353257724,-8.405991485,-5.425285508,-9.472990764,-5.549249781,-7.479857432,-3.17427813,-6.978008754,-3.291181431,-7.062159409,-7.079965005,-7.515274737,-6.515291578,-5.509253474,-3.374577128,-5.342147556,-3.677169486,-5.269506035,-7.822899019,-5.203752677,-6.682311949,-3.683483392,-3.662991191,-3.729626538,-4.112911166,-3.203099577,-8.076856168,-3.006916918,-6.11196005,-2.073196494,-4.008757124,-2.096741162,-4.530034604
Fist,0,0,2.900778131,0.995987396,6.3494104,0.16859337,8.157148046,-2.605898636,7.635099435,-5.353257724,8.405991485,-5.425285508,9.472990764,-5.549249781,7.479857432,-3.17427813,6.978008754,-3.291181431,7.062159409,-7.079965005,7.515274737,-6.515291578,5.509253474,-3.374577128,5.342147556,-3.677169486,5.269506035,-7.822899019,5.203752677,-6.682311949,3.683483392,-3.662991191,3.729626538,-4.112911166,3.203099577,-8.076856168,3.006916918,-6.11196005,2.073196494,-4.008757124,2.096741162,-4.530034604
Fist,0,0,-3.935683505,1.437746813,-7.65101476,0.723570541,-10.28884308,-1.884656414,-11.34806643,-5.091863139,-9.272875722,-4.076640807,-11.88405568,-4.789942593,-9.737929529,-2.481134944,-8.432177157,-2.342743985,-8.291494747,-5.590269659,-10.66020132,-6.02758825,-8.016319225,-3.032143948,-6.892380944,-3.368404843,-6.927657708,-6.813447193,-9.066995841,-6.546628777,-6.566153261,-3.56189178,-5.452542621,-4.008634437,-5.133531088,-7.840552447,-6.944578989,-6.381057459,-5.409975972,-4.337269521,-4.406592138,-4.854514303
Fist,0,0,3.935683505,1.437746813,7.65101476,0.723570541,10.28884308,-1.884656414,11.34806643,-5.091863139,9.272875722,-4.076640807,11.88405568,-4.789942593,9.737929529,-2.481134944,8.432177157,-2.342743985,8.291494747,-5.590269659,10.66020132,-6.02758825,8.016319225,-3.032143948,6.892380944,-3.368404843,6.927657708,-6.813447193,9.066995841,-6.546628777,6.566153261,-3.56189178,5.452542621,-4.008634437,5.133531088,-7.840552447,6.944578989,-6.381057459,5.409975972,-4.337269521,4.406592138,-4.854514303
Fist,0,0,-3.3149974,2.958304868,-7.194301563,3.539976256,-10.27130833,1.487408959,-11.71500708,-1.571469203,-9.913900427,-1.439683774,-13.06893871,-1.566376555,-10.38937995,0.367669949,-8.715563994,0.268368332,-9.452157665,-3.264462511,-12.53526028,-3.208603397,-9.197093684,-0.797851125,-7.756049168,-1.404053624,-8.631876999,-5.023347891,-11.23837415,-4.217626539,-7.865967058,-1.733281189,-6.412541343,-2.406439328,-7.279731306,-6.774252549,-9.35933073,-4.856539265,-7.152367464,-3.09237048,-5.816786259,-3.797951807
Fist,0,0,3.3149974,2.958304868,7.194301563,3.539976256,10.27130833,1.487408959,11.71500708,-1.571469203,9.913900427,-1.439683774,13.06893871,-1.566376555,10.38937995,0.367669949,8.715563994,0.268368332,9.452157665,-3.264462511,12.53526028,-3.208603397,9.197093684,-0.797851125,7.756049168,-1.404053624,8.631876999,-5.023347891,11.23837415,-4.217626539,7.865967058,-1.733281189,6.412541343,-2.406439328,7.279731306,-6.774252549,9.35933073,-4.856539265,7.152367464,-3.09237048,5.816786259,-3.797951807
Fist,0,0,-2.733111205,2.680037455,-6.904442083,3.057918614,-9.455919755,-0.517538749,-9.414272495,-4.095191013,-10.47768903,-0.873215675,-13.12563331,-2.601640548,-9.868155689,-0.572232477,-8.812849964,-0.052132179,-9.42784734,-3.334020775,-11.9088651,-4.907480677,-8.241625022,-2.173493464,-7.832320494,-2.044557534,-8.087152378,-5.286658863,-10.04140242,-6.788221005,-6.679433842,-3.860112828,-6.307639039,-3.583495133,-6.32820224,-7.017121442,-7.830429982,-7.654236674,-5.586646921,-5.459705251,-4.986677366,-5.082517316
Fist,0,0,2.733111205,2.680037455,6.904442083,3.057918614,9.455919755,-0.517538749,9.414272495,-4.095191013,10.47768903,-0.873215675,13.12563331,-2.601640548,9.868155689,-0.572232477,8.812849964,-0.052132179,9.42784734,-3.334020775,11.9088651,-4.907480677,8.241625022,-2.173493464,7.832320494,-2.044557534,8.087152378,-5.286658863,10.04140242,-6.788221005,6.679433842,-3.860112828,6.307639039,-3.583495133,6.32820224,-7.017121442,7.830429982,-7.654236674,5.586646921,-5.459705251,4.986677366,-5.082517316
Fist,0,0,-3.936194446,1.014922898,-7.610745808,-0.824708955,-10.16805546,-3.249441873,-12.43641766,-5.023606447,-8.7305613,-5.032864592,-11.51700484,-6.143253194,-9.654182452,-3.589960453,-8.039396243,-2.695854914,-7.735526531,-6.337320355,-10.41612443,-6.962455676,-8.179218699,-3.919208351,-6.71433195,-3.662834837,-6.299540932,-7.306208422,-8.682652724,-7.148239872,-6.498756155,-4.213548978,-5.12165783,-4.199457338,-4.543622612,-8.031945136,-6.645744971,-6.966643231,-5.329887112,-4.910675426,-4.136818528,-5.116469803
Fist,0,0,3.936194446,1.014922898,7.610745808,-0.824708955,10.16805546,-3.249441873,12.43641766,-5.023606447,8.7305613,-5.032864592,11.51700484,-6.143253194,9.654182452,-3.589960453,8.039396243,-2.695854914,7.735526531,-6.337320355,10.41612443,-6.962455676,8.179218699,-3.919208351,6.71433195,-3.662834837,6.299540932,-7.306208422,8.682652724,-7.148239872,6.498756155,-4.213548978,5.12165783,-4.199457338,4.543622612,-8.031945136,6.645744971,-6.966643231,5.329887112,-4.910675426,4.136818528,-5.116469803
Fist,0,0,-2.978053589,-2.266323341,-3.818525598,-5.541532662,-3.839190533,-7.77605182,-3.423517902,-9.22741563,-0.982095508,-9.676773836,-4.65116487,-9.917238061,-4.379713523,-7.292634536,-3.254414053,-6.60993742,-0.525520691,-9.986181853,-4.718664538,-9.674099558,-4.320929608,-6.832357134,-3.003143091,-6.403017128,-0.465454307,-9.645007009,-4.48573434,-8.997058316,-4.079653654,-6.22951125,-2.739250129,-5.819204511,-0.756552024,-8.761810097,-4.042616135,-7.813788828,-3.603013742,-5.857767691,-2.36597317,-5.404935495
Fist,0,0,2.978053589,-2.266323341,3.818525598,-5.541532662,3.839190533,-7.77605182,3.423517902,-9.22741563,0.982095508,-9.676773836,4.65116487,-9.917238061,4.379713523,-7.292634536,3.254414053,-6.60993742,0.525520691,-9.986181853,4.718664538,-9.674099558,4.320929608,-6.832357134,3.003143091,-6.403017128,0.465454307,-9.645007009,4.48573434,-8.997058316,4.079653654,-6.22951125,2.739250129,-5.819204511,0.756552024,-8.761810097,4.042616135,-7.813788828,3.603013742,-5.857767691,2.36597317,-5.404935495
Fist,0,0,-3.87820047,1.876573459,-8.813624376,0.264859327,-12.75459573,-2.762265625,-15.45806824,-4.671428157,-10.20595634,-3.797096312,-13.08783776,-6.886034692,-10.61423854,-4.458370869,-9.396967825,-3.371189593,-8.408453159,-5.412754888,-10.81685603,-7.986561741,-8.056269108,-4.401416284,-7.777013782,-4.021118109,-6.523590768,-6.631754281,-8.528011852,-8.653544808,-6.078969996,-5.055472425,-5.708143308,-4.583998308,-4.577645551,-7.759864532,-5.917544111,-8.759686849,-4.367992484,-6.220147713,-3.721732889,-5.734238587
Fist,0,0,3.87820047,1.876573459,8.813624376,0.264859327,12.75459573,-2.762265625,15.45806824,-4.671428157,10.20595634,-3.797096312,13.08783776,-6.886034692,10.61423854,-4.458370869,9.396967825,-3.371189593,8.408453159,-5.412754888,10.81685603,-7.986561741,8.056269108,-4.401416284,7.777013782,-4.021118109,6.523590768,-6.631754281,8.528011852,-8.653544808,6.078969996,-5.055472425,5.708143308,-4.583998308,4.577645551,-7.759864532,5.917544111,-8.759686849,4.367992484,-6.220147713,3.721732889,-5.734238587
Fist,0,0,-3.427965375,2.040355563,-7.885604379,1.701650517,-9.802499596,-1.900470774,-8.496727271,-4.879534696,-10.26070047,-1.68325044,-13.26296523,-3.656097693,-10.30408245,-1.683514359,-8.806098203,-1.009098589,-9.164788199,-4.000832072,-11.69448333,-5.780103046,-8.358669971,-3.181812267,-7.470613189,-2.898336007,-7.710863022,-5.871468301,-9.633551343,-7.49463513,-6.656636173,-4.616809065,-5.845252137,-4.036171759,-5.860939537,-7.451303122,-7.623160659,-8.42452663,-5.823726814,-6.26571246,-5.001769521,-5.680188666
Fist,0,0,3.427965375,2.040355563,7.885604379,1.701650517,9.802499596,-1.900470774,8.496727271,-4.879534696,10.26070047,-1.68325044,13.26296523,-3.656097693,10.30408245,-1.683514359,8.806098203,-1.009098589,9.164788199,-4.000832072,11.69448333,-5.780103046,8.358669971,-3.181812267,7.470613189,-2.898336007,7.710863022,-5.871468301,9.633551343,-7.49463513,6.656636173,-4.616809065,5.845252137,-4.036171759,5.860939537,-7.451303122,7.623160659,-8.42452663,5.823726814,-6.26571246,5.001769521,-5.680188666
Fist,0,0,-2.857896058,3.703398201,-4.888202332,7.641766005,-2.387100247,10.00391113,2.002193363,8.494887292,-11.38451538,-2.384139588,-6.176064734,6.450408111,-4.380818621,6.5610637,-5.229688512,3.728624467,-8.134517585,-5.816323896,-1.202700659,5.612839614,-1.218584187,5.031811873,-3.370363981,1.6142019,-3.67812331,-7.175526868,2.713650576,3.962030353,1.258060377,3.340759882,-1.187622651,0.070426725,0.693495538,-7.023068643,4.851251921,1.790558689,3.422877484,1.106294789,1.442539315,-1.772037165
Fist,0,0,2.857896058,3.703398201,4.888202332,7.641766005,2.387100247,10.00391113,-2.002193363,8.494887292,11.38451538,-2.384139588,6.176064734,6.450408111,4.380818621,6.5610637,5.229688512,3.728624467,8.134517585,-5.816323896,1.202700659,5.612839614,1.218584187,5.031811873,3.370363981,1.6142019,3.67812331,-7.175526868,-2.713650576,3.962030353,-1.258060377,3.340759882,1.187622651,0.070426725,-0.693495538,-7.023068643,-4.851251921,1.790558689,-3.422877484,1.106294789,-1.442539315,-1.772037165
Fist,0,0,-2.671869965,1.324320282,-5.276481758,1.300231126,-4.17336515,1.107033339,-1.31697576,0.304626759,-8.15098251,-6.414499264,-6.691231995,-2.264870147,-5.050558213,-0.241217366,-4.800103203,-1.319873729,-5.800729651,-8.145645187,-4.310588396,-3.281729432,-3.448180886,-0.807597475,-3.853997085,-2.31387103,-3.050297342,-8.133927473,-1.537583068,-3.370955654,-1.52146005,-1.145095278,-2.046115173,-2.328944984,-0.469266912,-7.263422246,0.538886643,-3.146312007,0.256975825,-1.37733012,-0.170102258,-1.949537553
Fist,0,0,2.671869965,1.324320282,5.276481758,1.300231126,4.17336515,1.107033339,1.31697576,0.304626759,8.15098251,-6.414499264,6.691231995,-2.264870147,5.050558213,-0.241217366,4.800103203,-1.319873729,5.800729651,-8.145645187,4.310588396,-3.281729432,3.448180886,-0.807597475,3.853997085,-2.31387103,3.050297342,-8.133927473,1.537583068,-3.370955654,1.52146005,-1.145095278,2.046115173,-2.328944984,0.469266912,-7.263422246,-0.538886643,-3.146312007,-0.256975825,-1.37733012,0.170102258,-1.949537553
Hand,0,0,-2.598625041,-2.049056415,-4.315780338,-5.706152684,-5.064422266,-8.887779162,-6.223926858,-10.95532182,-2.573201271,-9.623894816,-3.592667058,-13.28917711,-4.10761512,-15.51846887,-4.41150438,-17.48570859,-0.781985277,-9.969378066,-1.155613376,-14.2410329,-1.300049499,-16.88133472,-1.381295442,-19.09243883,0.880820229,-9.319701327,0.906628887,-13.30106813,1.025138903,-15.71107826,1.088362211,-17.85569159,2.460340595,-7.930017783,2.698666072,-10.84474203,2.773929704,-12.6991586,2.760121099,-14.43261717
Hand,0,0,-3.031775555,-1.405792583,-5.427532918,-4.440684596,-6.948124721,-7.176280448,-8.609186667,-8.562510643,-4.082398867,-9.027126162,-5.561282827,-12.68248841,-6.362882907,-14.96849344,-6.936282936,-16.96232875,-2.408967167,-9.70550757,-3.136618406,-13.95642447,-3.576379152,-16.61666387,-3.890665751,-18.80002405,-0.766157085,-9.401194167,-1.081601663,-13.33281249,-1.290746266,-15.7332407,-1.499570349,-17.77420503,0.869646776,-8.368057464,0.930414377,-11.14719366,0.867615795,-12.91852421,0.746928642,-14.54055148
Hand,0,0,-3.164851333,-0.829202839,-5.818606391,-3.248966328,-7.555562446,-5.736727607,-9.305933715,-7.198176857,-4.976089953,-8.36416655,-6.93063169,-11.67124039,-8.039685877,-13.7778959,-8.85761462,-15.72265292,-3.160404325,-9.48745722,-4.215783297,-13.7499891,-4.812475315,-16.47492115,-5.302828984,-18.78435014,-1.320570457,-9.436325373,-1.460610389,-13.58063182,-1.451612461,-16.16864429,-1.560964294,-18.45033249,0.457353737,-8.527413267,0.896475875,-11.67742326,1.152819779,-13.68832,1.248051907,-15.58870218
Hand,0,0,3.164851333,-0.829202839,5.818606391,-3.248966328,7.555562446,-5.736727607,9.305933715,-7.198176857,4.976089953,-8.36416655,6.93063169,-11.67124039,8.039685877,-13.7778959,8.85761462,-15.72265292,3.160404325,-9.48745722,4.215783297,-13.7499891,4.812475315,-16.47492115,5.302828984,-18.78435014,1.320570457,-9.436325373,1.460610389,-13.58063182,1.451612461,-16.16864429,1.560964294,-18.45033249,-0.457353737,-8.527413267,-0.896475875,-11.67742326,-1.152819779,-13.68832,-1.248051907,-15.58870218
Hand,0,0,-2.840165402,1.415025123,-6.056047653,1.291555012,-8.639635854,-0.035364274,-11.01452508,-1.121272454,-8.372242505,-4.065445163,-11.80624514,-5.55899609,-13.82927777,-6.585895597,-15.56590403,-7.717688178,-7.760001562,-6.307327149,-11.1408797,-9.026450846,-13.24473128,-10.78069896,-15.05367487,-12.32863313,-6.432768355,-7.599771584,-9.109529425,-10.81871678,-10.79245276,-12.91141101,-12.35983376,-14.70328887,-4.616835541,-8.174604075,-6.376488081,-10.78821771,-7.563994091,-12.45747462,-8.763336269,-13.95830524
Hand,0,0,2.840165402,1.415025123,6.056047653,1.291555012,8.639635854,-0.035364274,11.01452508,-1.121272454,8.372242505,-4.065445163,11.80624514,-5.55899609,13.82927777,-6.585895597,15.56590403,-7.717688178,7.760001562,-6.307327149,11.1408797,-9.026450846,13.24473128,-10.78069896,15.05367487,-12.32863313,6.432768355,-7.599771584,9.109529425,-10.81871678,10.79245276,-12.91141101,12.35983376,-14.70328887,4.616835541,-8.174604075,6.376488081,-10.78821771,7.563994091,-12.45747462,8.763336269,-13.95830524
Hand,0,0,-3.126425882,0.214214613,-6.131551641,-1.262130911,-8.288760098,-3.156013346,-10.23221167,-4.454513271,-6.576699397,-6.888747121,-9.277710462,-9.571615678,-10.88241057,-11.36826117,-12.1491679,-13.1086833,-5.095258007,-8.604553785,-7.065183601,-12.71481222,-8.237306213,-15.41344873,-9.214451725,-17.76308688,-3.28147392,-9.049612203,-4.018717937,-13.27218824,-4.434007338,-16.05904479,-4.937062228,-18.52489503,-1.288818734,-8.50276165,-0.652439412,-11.72151753,-0.271111587,-13.90614582,-0.122899599,-15.96765625
Hand,0,0,3.126425882,0.214214613,6.131551641,-1.262130911,8.288760098,-3.156013346,10.23221167,-4.454513271,6.576699397,-6.888747121,9.277710462,-9.571615678,10.88241057,-11.36826117,12.1491679,-13.1086833,5.095258007,-8.604553785,7.065183601,-12.71481222,8.237306213,-15.41344873,9.214451725,-17.76308688,3.28147392,-9.049612203,4.018717937,-13.27218824,4.434007338,-16.05904479,4.937062228,-18.52489503,1.288818734,-8.50276165,0.652439412,-11.72151753,0.271111587,-13.90614582,0.122899599,-15.96765625
Hand,0,0,-3.240879468,0.51645154,-6.294736677,-0.68319667,-8.429562201,-2.842821509,-10.35468373,-4.723150894,-7.356241416,-6.286670785,-9.761072795,-9.450276629,-11.08572652,-11.46454541,-12.195495,-13.29302497,-6.222796758,-7.827949955,-8.637787468,-11.40300151,-10.09209316,-13.69142298,-11.28460077,-15.59061596,-4.731619819,-8.460237285,-6.695201008,-12.06172065,-7.874728551,-14.29219097,-8.949442807,-16.14475114,-2.914341606,-8.471343131,-4.322566028,-11.17253667,-5.345738313,-12.76661389,-6.351796933,-14.14513779
Hand,0,0,3.240879468,0.51645154,6.294736677,-0.68319667,8.429562201,-2.842821509,10.35468373,-4.723150894,7.356241416,-6.286670785,9.761072795,-9.450276629,11.08572652,-11.46454541,12.195495,-13.29302497,6.222796758,-7.827949955,8.637787468,-11.40300151,10.09209316,-13.69142298,11.28460077,-15.59061596,4.731619819,-8.460237285,6.695201008,-12.06172065,7.874728551,-14.29219097,8.949442807,-16.14475114,2.914341606,-8.471343131,4.322566028,-11.17253667,5.345738313,-12.76661389,6.351796933,-14.14513779
Hand,0,0,-3.16952017,0.2361028,-6.285978381,-1.044610667,-8.510831863,-2.899839419,-10.46834207,-3.999125757,-7.017704154,-6.40673458,-9.832962336,-8.99273999,-11.40150373,-10.69591365,-12.66541051,-12.35862506,-5.750512424,-8.181173929,-8.125701606,-11.86828904,-9.562753237,-14.23146072,-10.78445639,-16.25838516,-4.08220941,-8.869225609,-5.413347552,-12.81886403,-6.294660748,-15.41037548,-7.17622352,-17.61707562,-2.176556788,-8.724330133,-2.542454104,-11.9341644,-2.841747425,-14.01410874,-3.264050906,-15.92260083
Hand,0,0,3.16952017,0.2361028,6.285978381,-1.044610667,8.510831863,-2.899839419,10.46834207,-3.999125757,7.017704154,-6.40673458,9.832962336,-8.99273999,11.40150373,-10.69591365,12.66541051,-12.35862506,5.750512424,-8.181173929,8.125701606,-11.86828904,9.562753237,-14.23146072,10.78445639,-16.25838516,4.08220941,-8.869225609,5.413347552,-12.81886403,6.294660748,-15.41037548,7.17622352,-17.61707562,2.176556788,-8.724330133,2.542454104,-11.9341644,2.841747425,-14.01410874,3.264050906,-15.92260083
Hand,0,0,-3.140820346,-1.038662997,-5.805795452,-3.731445865,-7.485963645,-6.379383244,-9.017040475,-8.142564711,-4.783406119,-8.552053093,-6.855441055,-11.7958107,-8.027547269,-13.83814909,-8.890002971,-15.6503977,-2.980751386,-9.545424096,-4.210689735,-13.8116884,-4.943730807,-16.55076737,-5.571654187,-18.88208127,-1.107772316,-9.33613903,-1.128179717,-13.53230535,-1.129184081,-16.28870421,-1.259858757,-18.73012848,0.751778635,-8.19008116,1.906404936,-11.14011277,2.615678533,-13.19312802,3.084354319,-15.14761522
Hand,0,0,3.140820346,-1.038662997,5.805795452,-3.731445865,7.485963645,-6.379383244,9.017040475,-8.142564711,4.783406119,-8.552053093,6.855441055,-11.7958107,8.027547269,-13.83814909,8.890002971,-15.6503977,2.980751386,-9.545424096,4.210689735,-13.8116884,4.943730807,-16.55076737,5.571654187,-18.88208127,1.107772316,-9.33613903,1.128179717,-13.53230535,1.129184081,-16.28870421,1.259858757,-18.73012848,-0.751778635,-8.19008116,-1.906404936,-11.14011277,-2.615678533,-13.19312802,-3.084354319,-15.14761522
Hand,0,0,-3.35155966,-0.358851714,-6.378527801,-2.46205054,-8.350856913,-5.063998615,-10.15345747,-6.834040303,-6.471213519,-7.311821482,-8.971145427,-10.26098395,-10.34378858,-12.14915187,-11.40679166,-13.85785574,-4.907074816,-8.713243756,-6.92411739,-12.60201792,-8.074704622,-15.06938645,-9.004753579,-17.09417314,-3.101789354,-9.049720565,-4.227419631,-13.04921548,-4.870698524,-15.59411931,-5.493917778,-17.72197001,-1.182980754,-8.624224983,-1.550498804,-11.82890235,-1.840493225,-13.89234724,-2.221087055,-15.73852825
Hand,0,0,3.35155966,-0.358851714,6.378527801,-2.46205054,8.350856913,-5.063998615,10.15345747,-6.834040303,6.471213519,-7.311821482,8.971145427,-10.26098395,10.34378858,-12.14915187,11.40679166,-13.85785574,4.907074816,-8.713243756,6.92411739,-12.60201792,8.074704622,-15.06938645,9.004753579,-17.09417314,3.101789354,-9.049720565,4.227419631,-13.04921548,4.870698524,-15.59411931,5.493917778,-17.72197001,1.182980754,-8.624224983,1.550498804,-11.82890235,1.840493225,-13.89234724,2.221087055,-15.73852825
Hand,0,0,-3.896502991,-1.85394226,-6.715529504,-5.112002341,-8.04798201,-8.649719991,-8.964272049,-11.61682011,-4.953259238,-9.085259175,-6.601367128,-13.47563213,-7.427066816,-16.16164863,-8.008367957,-18.45683269,-2.786129205,-9.60403478,-3.668803147,-14.25628507,-4.165408914,-17.18349386,-4.523906659,-19.5374146,-0.660940482,-9.162426892,-0.691448271,-13.38352532,-0.78162182,-16.13455218,-0.940001561,-18.43730758,1.442325354,-8.107570989,1.913349393,-11.46120205,2.011522749,-13.67952734,1.927343805,-15.66593756
Hand,0,0,3.896502991,-1.85394226,6.715529504,-5.112002341,8.04798201,-8.649719991,8.964272049,-11.61682011,4.953259238,-9.085259175,6.601367128,-13.47563213,7.427066816,-16.16164863,8.008367957,-18.45683269,2.786129205,-9.60403478,3.668803147,-14.25628507,4.165408914,-17.18349386,4.523906659,-19.5374146,0.660940482,-9.162426892,0.691448271,-13.38352532,0.78162182,-16.13455218,0.940001561,-18.43730758,-1.442325354,-8.107570989,-1.913349393,-11.46120205,-2.011522749,-13.67952734,-1.927343805,-15.66593756
Hand,0,0,-3.131804922,0.904256802,-6.462767033,0.048364653,-9.010019792,-1.627035175,-11.22059356,-2.628595126,-8.001518833,-5.113469923,-11.091756,-7.189628117,-12.85338774,-8.561561375,-14.26120484,-9.901366552,-7.042535237,-7.099485716,-9.988815757,-10.33598502,-11.74927025,-12.43348583,-13.14477322,-14.19292313,-5.546895465,-8.103725397,-7.750083621,-11.63185596,-9.041966539,-13.89231759,-10.1727909,-15.79929416,-3.68305182,-8.399725143,-4.955430651,-11.38611265,-5.782141201,-13.30935577,-6.598092424,-15.02171213
Hand,0,0,3.131804922,0.904256802,6.462767033,0.048364653,9.010019792,-1.627035175,11.22059356,-2.628595126,8.001518833,-5.113469923,11.091756,-7.189628117,12.85338774,-8.561561375,14.26120484,-9.901366552,7.042535237,-7.099485716,9.988815757,-10.33598502,11.74927025,-12.43348583,13.14477322,-14.19292313,5.546895465,-8.103725397,7.750083621,-11.63185596,9.041966539,-13.89231759,10.1727909,-15.79929416,3.68305182,-8.399725143,4.955430651,-11.38611265,5.782141201,-13.30935577,6.598092424,-15.02171213
Hand,0,0,-3.180042205,-1.281093739,-5.677234168,-4.053204936,-7.112344714,-6.961016152,-8.56244245,-9.153670168,-4.728796677,-8.731408243,-6.476286477,-12.37153228,-7.399233917,-14.59026768,-8.096156781,-16.55210942,-2.981291688,-9.545255359,-4.068622005,-13.81152435,-4.717385983,-16.49854333,-5.2759554,-18.70113682,-1.212373736,-9.330449188,-1.566412035,-13.46722869,-1.716011824,-16.05810676,-1.921776025,-18.2317921,0.535616443,-8.394868518,0.731758434,-11.54211422,0.827149182,-13.56362375,0.819421776,-15.35032433
Hand,0,0,3.180042205,-1.281093739,5.677234168,-4.053204936,7.112344714,-6.961016152,8.56244245,-9.153670168,4.728796677,-8.731408243,6.476286477,-12.37153228,7.399233917,-14.59026768,8.096156781,-16.55210942,2.981291688,-9.545255359,4.068622005,-13.81152435,4.717385983,-16.49854333,5.2759554,-18.70113682,1.212373736,-9.330449188,1.566412035,-13.46722869,1.716011824,-16.05810676,1.921776025,-18.2317921,-0.535616443,-8.394868518,-0.731758434,-11.54211422,-0.827149182,-13.56362375,-0.819421776,-15.35032433
Hand,0,0,-3.568565004,-0.40997125,-6.795432713,-2.355757084,-8.93181354,-4.899569036,-10.80342277,-6.828407003,-6.800172291,-7.146258079,-9.39357282,-10.47203389,-10.79552498,-12.5160395,-11.92027209,-14.36161982,-5.265318483,-8.50155405,-7.343888507,-12.4902342,-8.575806284,-15.01137545,-9.592099902,-17.14313522,-3.526406997,-8.903810858,-4.886815122,-12.86799951,-5.661402637,-15.42198234,-6.370745685,-17.56948909,-1.63806043,-8.654027895,-2.429125282,-11.82336098,-2.963992759,-13.80917693,-3.534267134,-15.54600023
Hand,0,0,3.568565004,-0.40997125,6.795432713,-2.355757084,8.93181354,-4.899569036,10.80342277,-6.828407003,6.800172291,-7.146258079,9.39357282,-10.47203389,10.79552498,-12.5160395,11.92027209,-14.36161982,5.265318483,-8.50155405,7.343888507,-12.4902342,8.575806284,-15.01137545,9.592099902,-17.14313522,3.526406997,-8.903810858,4.886815122,-12.86799951,5.661402637,-15.42198234,6.370745685,-17.56948909,1.63806043,-8.654027895,2.429125282,-11.82336098,2.963992759,-13.80917693,3.534267134,-15.54600023
Hand,0,0,-2.749298956,1.708380184,-5.999897118,1.834499367,-8.767466738,0.8993788,-11.16090891,0.493640605,-8.892962884,-3.174067067,-12.40943428,-4.637533756,-14.42340682,-5.658693911,-16.16066018,-6.754207122,-8.375380015,-5.463790772,-11.90068842,-8.182404647,-14.05252581,-9.969737669,-15.8803091,-11.55036285,-7.148521653,-6.876905635,-10.04305271,-9.896229206,-11.77542998,-12.00838667,-13.32406705,-13.82539407,-5.453368381,-7.696637652,-7.403560278,-10.32167606,-8.690778456,-12.06054063,-9.949853909,-13.63169229
Hand,0,0,2.749298956,1.708380184,5.999897118,1.834499367,8.767466738,0.8993788,11.16090891,0.493640605,8.892962884,-3.174067067,12.40943428,-4.637533756,14.42340682,-5.658693911,16.16066018,-6.754207122,8.375380015,-5.463790772,11.90068842,-8.182404647,14.05252581,-9.969737669,15.8803091,-11.55036285,7.148521653,-6.876905635,10.04305271,-9.896229206,11.77542998,-12.00838667,13.32406705,-13.82539407,5.453368381,-7.696637652,7.403560278,-10.32167606,8.690778456,-12.06054063,9.949853909,-13.63169229
Hand,0,0,-2.982915965,-1.359684064,-5.176712643,-4.271695737,-6.277853197,-7.404566403,-7.543313086,-9.861425146,-4.342761465,-8.786256607,-5.965562157,-12.27828905,-6.88168664,-14.47353813,-7.540916391,-16.53073825,-2.647723083,-9.643109585,-3.608718858,-13.80036584,-4.08662473,-16.46915287,-4.426288865,-18.81004149,-0.960898649,-9.390611143,-1.259971177,-13.34213928,-1.260629923,-15.81003256,-1.325606544,-18.05075253,0.726110489,-8.403115803,0.828534436,-11.3407443,0.906613695,-13.26509192,0.896785914,-15.11664921
Hand,0,0,2.982915965,-1.359684064,5.176712643,-4.271695737,6.277853197,-7.404566403,7.543313086,-9.861425146,4.342761465,-8.786256607,5.965562157,-12.27828905,6.88168664,-14.47353813,7.540916391,-16.53073825,2.647723083,-9.643109585,3.608718858,-13.80036584,4.08662473,-16.46915287,4.426288865,-18.81004149,0.960898649,-9.390611143,1.259971177,-13.34213928,1.260629923,-15.81003256,1.325606544,-18.05075253,-0.726110489,-8.403115803,-0.828534436,-11.3407443,-0.906613695,-13.26509192,-0.896785914,-15.11664921
Hand,0,0,-2.864087505,1.290161099,-6.315081016,0.774179577,-9.069754628,-0.208403027,-11.10589129,0.027243833,-8.293513604,-4.452363358,-11.70383749,-5.989165182,-13.79071508,-7.065681702,-15.44059924,-8.130815739,-7.477191184,-6.640151504,-10.73993977,-9.614062212,-12.73118412,-11.63170226,-14.29968401,-13.28404611,-5.971306308,-7.887841519,-8.163013304,-11.44980063,-9.585378487,-13.83898395,-10.83831642,-15.79194284,-3.983435009,-8.323669252,-4.545404497,-11.56199117,-5.022139204,-13.71262167,-5.572061421,-15.55299855
Hand,0,0,2.864087505,1.290161099,6.315081016,0.774179577,9.069754628,-0.208403027,11.10589129,0.027243833,8.293513604,-4.452363358,11.70383749,-5.989165182,13.79071508,-7.065681702,15.44059924,-8.130815739,7.477191184,-6.640151504,10.73993977,-9.614062212,12.73118412,-11.63170226,14.29968401,-13.28404611,5.971306308,-7.887841519,8.163013304,-11.44980063,9.585378487,-13.83898395,10.83831642,-15.79194284,3.983435009,-8.323669252,4.545404497,-11.56199117,5.022139204,-13.71262167,5.572061421,-15.55299855
Hand,0,0,-2.925626633,-1.226826285,-5.154737245,-3.75261712,-6.592796861,-6.301551379,-8.225457883,-7.917598586,-3.675219296,-8.920194341,-4.817644728,-12.62546144,-5.409742994,-14.9023303,-5.843937082,-17.07217491,-1.828397769,-9.831427241,-2.540477026,-14.11382599,-2.937731845,-16.9097732,-3.31098219,-19.41541658,-0.032951213,-9.496221368,0.452858043,-13.52285159,0.690185652,-16.19668973,0.688255337,-18.55459328,1.640438885,-8.277697554,2.21362144,-11.29081912,2.323863255,-13.28437538,2.211951851,-15.17668082
Hand,0,0,2.925626633,-1.226826285,5.154737245,-3.75261712,6.592796861,-6.301551379,8.225457883,-7.917598586,3.675219296,-8.920194341,4.817644728,-12.62546144,5.409742994,-14.9023303,5.843937082,-17.07217491,1.828397769,-9.831427241,2.540477026,-14.11382599,2.937731845,-16.9097732,3.31098219,-19.41541658,0.032951213,-9.496221368,-0.452858043,-13.52285159,-0.690185652,-16.19668973,-0.688255337,-18.55459328,-1.640438885,-8.277697554,-2.21362144,-11.29081912,-2.323863255,-13.28437538,-2.211951851,-15.17668082
Hand,0,0,-3.167225637,0.231375517,-6.246448052,-1.216415229,-8.517857677,-3.172574917,-10.57071565,-4.308177275,-7.082018756,-6.773044942,-9.141730791,-10.25352128,-10.28767855,-12.42563588,-11.23513175,-14.41280664,-5.87834564,-8.08981165,-8.115439911,-11.85370053,-9.442893917,-14.21745666,-10.54632317,-16.28128492,-4.375554152,-8.609810079,-6.427923541,-12.15408488,-7.644556866,-14.25499156,-8.694800314,-16.06428117,-2.516653409,-8.578035419,-4.089458189,-11.31419701,-5.184417177,-12.948697,-6.208287312,-14.39676374
Hand,0,0,3.167225637,0.231375517,6.246448052,-1.216415229,8.517857677,-3.172574917,10.57071565,-4.308177275,7.082018756,-6.773044942,9.141730791,-10.25352128,10.28767855,-12.42563588,11.23513175,-14.41280664,5.87834564,-8.08981165,8.115439911,-11.85370053,9.442893917,-14.21745666,10.54632317,-16.28128492,4.375554152,-8.609810079,6.427923541,-12.15408488,7.644556866,-14.25499156,8.694800314,-16.06428117,2.516653409,-8.578035419,4.089458189,-11.31419701,5.184417177,-12.948697,6.208287312,-14.39676374
Hand,0,0,-3.392995806,0.325465706,-6.75779395,-1.472388553,-9.006949832,-3.758678942,-10.96636286,-4.963566911,-7.406011571,-6.677545739,-9.600895959,-10.26928996,-10.75197787,-12.49068709,-11.64026165,-14.369718,-6.125178217,-7.904567782,-8.512686587,-11.6626693,-9.902897678,-14.02089413,-10.9753504,-15.98879913,-4.600173939,-8.422714813,-6.865253976,-11.8907614,-8.187627072,-13.95304587,-9.237165579,-15.64925004,-2.794463714,-8.476312231,-4.498788086,-11.14671863,-5.659043659,-12.67814034,-6.668153712,-13.96064722
Hand,0,0,3.392995806,0.325465706,6.75779395,-1.472388553,9.006949832,-3.758678942,10.96636286,-4.963566911,7.406011571,-6.677545739,9.600895959,-10.26928996,10.75197787,-12.49068709,11.64026165,-14.369718,6.125178217,-7.904567782,8.512686587,-11.6626693,9.902897678,-14.02089413,10.9753504,-15.98879913,4.600173939,-8.422714813,6.865253976,-11.8907614,8.187627072,-13.95304587,9.237165579,-15.64925004,2.794463714,-8.476312231,4.498788086,-11.14671863,5.659043659,-12.67814034,6.668153712,-13.96064722
Hand,0,0,-2.871754228,-2.350546036,-4.557164204,-6.096808406,-4.931402928,-9.434279028,-5.247089442,-12.13269589,-2.163447573,-10.02762751,-1.845966913,-14.07082545,-1.526994145,-16.41157756,-1.191083577,-18.33242414,-0.455817015,-9.989606141,-0.172795077,-14.34878111,0.077891586,-16.97915413,0.325544149,-19.11651493,1.068023222,-9.284237796,1.305189936,-13.37247549,1.456845089,-15.74119053,1.573837356,-17.7212774,2.551770213,-8.020326032,2.730884133,-11.1727144,2.711964177,-13.14338523,2.634081486,-14.85732518
Hand,0,0,2.871754228,-2.350546036,4.557164204,-6.096808406,4.931402928,-9.434279028,5.247089442,-12.13269589,2.163447573,-10.02762751,1.845966913,-14.07082545,1.526994145,-16.41157756,1.191083577,-18.33242414,0.455817015,-9.989606141,0.172795077,-14.34878111,-0.077891586,-16.97915413,-0.325544149,-19.11651493,-1.068023222,-9.284237796,-1.305189936,-13.37247549,-1.456845089,-15.74119053,-1.573837356,-17.7212774,-2.551770213,-8.020326032,-2.730884133,-11.1727144,-2.711964177,-13.14338523,-2.634081486,-14.85732518
Hand,0,0,-3.995786886,0.541492971,-7.730609181,-0.987544884,-10.26992471,-3.400088217,-12.04452684,-5.626953533,-8.042385428,-6.139061116,-10.4283859,-9.858289816,-11.64944965,-12.14738838,-12.6055586,-14.04987125,-6.583302084,-7.527292586,-9.174842493,-11.42002664,-10.7160856,-13.83553646,-11.8824186,-15.74502939,-4.886897071,-8.199670503,-7.382573282,-11.76059738,-8.850324428,-13.76643013,-9.977137478,-15.35919448,-2.881945958,-8.473065896,-4.796955782,-11.10230122,-6.110177356,-12.52843055,-7.231834952,-13.69292978
Hand,0,0,3.995786886,0.541492971,7.730609181,-0.987544884,10.26992471,-3.400088217,12.04452684,-5.626953533,8.042385428,-6.139061116,10.4283859,-9.858289816,11.64944965,-12.14738838,12.6055586,-14.04987125,6.583302084,-7.527292586,9.174842493,-11.42002664,10.7160856,-13.83553646,11.8824186,-15.74502939,4.886897071,-8.199670503,7.382573282,-11.76059738,8.850324428,-13.76643013,9.977137478,-15.35919448,2.881945958,-8.473065896,4.796955782,-11.10230122,6.110177356,-12.52843055,7.231834952,-13.69292978
Hand,0,0,-2.672944778,2.055971229,-5.999273289,2.613252738,-8.872018137,2.045923553,-11.38009165,1.530236273,-9.171387018,-2.063890319,-12.70063522,-3.22957938,-14.8171793,-4.016513312,-16.65772447,-4.897148362,-8.969950468,-4.420405931,-12.67313214,-6.319813549,-15.01803185,-7.531587466,-17.00683894,-8.600510089,-8.004458828,-6.089632479,-11.2630156,-8.366770833,-13.30398939,-9.71302533,-15.11345,-10.78909581,-6.436249002,-7.282107604,-8.801357965,-9.429796713,-10.43371712,-10.67059361,-11.98329589,-11.69614223
Hand,0,0,2.672944778,2.055971229,5.999273289,2.613252738,8.872018137,2.045923553,11.38009165,1.530236273,9.171387018,-2.063890319,12.70063522,-3.22957938,14.8171793,-4.016513312,16.65772447,-4.897148362,8.969950468,-4.420405931,12.67313214,-6.319813549,15.01803185,-7.531587466,17.00683894,-8.600510089,8.004458828,-6.089632479,11.2630156,-8.366770833,13.30398939,-9.71302533,15.11345,-10.78909581,6.436249002,-7.282107604,8.801357965,-9.429796713,10.43371712,-10.67059361,11.98329589,-11.69614223
Hand,0,0,-3.15779826,-1.042639021,-5.673722322,-3.680969598,-7.051655443,-6.628699882,-8.438018603,-8.997030603,-5.304092336,-8.464029944,-6.562004095,-12.11521913,-7.228847551,-14.35054903,-7.740274344,-16.33557727,-3.807341462,-9.246845462,-5.033471528,-13.19732741,-5.721480364,-15.67353989,-6.257082492,-17.72358501,-2.248053009,-9.21272156,-3.16365613,-13.02398538,-3.682369734,-15.29664535,-4.157775618,-17.24554014,-0.529011178,-8.65972355,-1.076593159,-11.64233392,-1.531071145,-13.49130885,-2.011353407,-15.23499421
Hand,0,0,3.15779826,-1.042639021,5.673722322,-3.680969598,7.051655443,-6.628699882,8.438018603,-8.997030603,5.304092336,-8.464029944,6.562004095,-12.11521913,7.228847551,-14.35054903,7.740274344,-16.33557727,3.807341462,-9.246845462,5.033471528,-13.19732741,5.721480364,-15.67353989,6.257082492,-17.72358501,2.248053009,-9.21272156,3.16365613,-13.02398538,3.682369734,-15.29664535,4.157775618,-17.24554014,0.529011178,-8.65972355,1.076593159,-11.64233392,1.531071145,-13.49130885,2.011353407,-15.23499421
Hand,0,0,-3.28897242,-0.142833292,-6.531000064,-2.094104173,-8.710409874,-4.345875034,-10.62813566,-5.417217025,-6.895615672,-6.849854629,-9.742800581,-9.418154031,-11.38647468,-11.03776268,-12.71570463,-12.49928925,-5.485005088,-8.361502209,-7.97174626,-11.96732854,-9.518411157,-14.21396244,-10.84273551,-16.10860253,-3.708844301,-8.822608301,-5.359410533,-12.66807207,-6.368041232,-15.11085935,-7.352285957,-17.20124225,-1.681491961,-8.530138213,-2.332715227,-11.57112222,-2.866318521,-13.57296014,-3.521630045,-15.41152839
Hand,0,0,3.28897242,-0.142833292,6.531000064,-2.094104173,8.710409874,-4.345875034,10.62813566,-5.417217025,6.895615672,-6.849854629,9.742800581,-9.418154031,11.38647468,-11.03776268,12.71570463,-12.49928925,5.485005088,-8.361502209,7.97174626,-11.96732854,9.518411157,-14.21396244,10.84273551,-16.10860253,3.708844301,-8.822608301,5.359410533,-12.66807207,6.368041232,-15.11085935,7.352285957,-17.20124225,1.681491961,-8.530138213,2.332715227,-11.57112222,2.866318521,-13.57296014,3.521630045,-15.41152839
Hand,0,0,-2.828744896,-2.394837577,-4.408400745,-6.233767041,-4.793177693,-9.516682729,-5.419443731,-12.02378029,-2.009840734,-9.969035091,-2.779546739,-13.6641146,-3.09986767,-15.81753238,-3.267556064,-17.60171944,-0.050863869,-9.999870643,-0.093852704,-14.02545106,-0.083998932,-16.45525739,-0.044307801,-18.35910363,1.650951393,-9.164743536,2.195020517,-12.85389963,2.57875768,-15.10119064,2.868679069,-16.96198701,3.134821874,-7.7030074,3.815878133,-10.38603577,4.183405452,-12.12022865,4.449714351,-13.67711366
Hand,0,0,2.828744896,-2.394837577,4.408400745,-6.233767041,4.793177693,-9.516682729,5.419443731,-12.02378029,2.009840734,-9.969035091,2.779546739,-13.6641146,3.09986767,-15.81753238,3.267556064,-17.60171944,0.050863869,-9.999870643,0.093852704,-14.02545106,0.083998932,-16.45525739,0.044307801,-18.35910363,-1.650951393,-9.164743536,-2.195020517,-12.85389963,-2.57875768,-15.10119064,-2.868679069,-16.96198701,-3.134821874,-7.7030074,-3.815878133,-10.38603577,-4.183405452,-12.12022865,-4.449714351,-13.67711366
Hand,0,0,-3.226311237,0.293170093,-6.53968256,-1.227635453,-8.910878083,-3.366235172,-10.96954001,-4.767642243,-7.665601054,-5.878782925,-10.48698507,-8.362796861,-12.09521917,-9.855551228,-13.42707363,-11.22424893,-6.648778629,-7.469520918,-9.426984404,-10.4918193,-11.08370748,-12.36304463,-12.40790668,-13.90745421,-5.210218277,-8.268290511,-7.607796283,-11.31439077,-8.966839185,-13.13776596,-10.14741385,-14.66002478,-3.421034382,-8.55554497,-5.136716148,-10.94702384,-6.264346721,-12.34924428,-7.313002497,-13.59434824
Hand,0,0,3.226311237,0.293170093,6.53968256,-1.227635453,8.910878083,-3.366235172,10.96954001,-4.767642243,7.665601054,-5.878782925,10.48698507,-8.362796861,12.09521917,-9.855551228,13.42707363,-11.22424893,6.648778629,-7.469520918,9.426984404,-10.4918193,11.08370748,-12.36304463,12.40790668,-13.90745421,5.210218277,-8.268290511,7.607796283,-11.31439077,8.966839185,-13.13776596,10.14741385,-14.66002478,3.421034382,-8.55554497,5.136716148,-10.94702384,6.264346721,-12.34924428,7.313002497,-13.59434824
Hand,0,0,-3.462673213,-1.647667834,-6.050723208,-4.854421972,-7.17839064,-8.080909201,-7.943835727,-10.77251037,-4.570702397,-8.980946404,-6.030942306,-12.92883499,-6.761302195,-15.30612249,-7.306960215,-17.33217131,-2.732841386,-9.619333551,-3.702572191,-13.98652062,-4.293865748,-16.66675218,-4.747447025,-18.78810754,-0.89537408,-9.416919062,-1.365927787,-13.62803423,-1.680270534,-16.1748525,-1.995030643,-18.26349126,0.976429073,-8.591134511,0.648603033,-11.77901136,0.296566443,-13.73848206,-0.126539614,-15.39923432
Hand,0,0,3.462673213,-1.647667834,6.050723208,-4.854421972,7.17839064,-8.080909201,7.943835727,-10.77251037,4.570702397,-8.980946404,6.030942306,-12.92883499,6.761302195,-15.30612249,7.306960215,-17.33217131,2.732841386,-9.619333551,3.702572191,-13.98652062,4.293865748,-16.66675218,4.747447025,-18.78810754,0.89537408,-9.416919062,1.365927787,-13.62803423,1.680270534,-16.1748525,1.995030643,-18.26349126,-0.976429073,-8.591134511,-0.648603033,-11.77901136,-0.296566443,-13.73848206,0.126539614,-15.39923432
Peace,0.0,0.0,-2.4574310182043275,-1.9462408264019626,-3.8008742953738186,-5.009347337679877,-3.1503573395090783,-8.232630059781174,-2.32283581757666,-10.773376222642957,-4.3693206251582675,-8.852633400767955,-6.0926127581074585,-12.139229094590087,-7.116348159608938,-14.281812800680624,-7.892665399889981,-16.185809762221783,-2.8233633182460265,-9.593154829000875,-4.004126004792511,-13.994018250882288,-4.869727192159611,-16.442947800795697,-5.425707446169943,-18.566095689113663,-1.1463903561534878,-9.168895491004491,-1.7580541794950595,-11.894554876046794,-2.0607618483328305,-9.26842141177406,-2.0547906507624294,-7.198430996188034,0.5341351585423356,-7.96994494188965,-0.12506005106633936,-10.400172507247477,-0.7570182977684463,-8.57325637310245,-1.0840167940929448,-6.689500373986817
Peace,-0.0,0.0,2.4574310182043275,-1.9462408264019626,3.8008742953738186,-5.009347337679877,3.1503573395090783,-8.232630059781174,2.32283581757666,-10.773376222642957,4.3693206251582675,-8.852633400767955,6.0926127581074585,-12.139229094590087,7.116348159608938,-14.281812800680624,7.892665399889981,-16.185809762221783,2.8233633182460265,-9.593154829000875,4.004126004792511,-13.994018250882288,4.869727192159611,-16.442947800795697,5.425707446169943,-18.566095689113663,1.1463903561534878,-9.168895491004491,1.7580541794950595,-11.894554876046794,2.0607618483328305,-9.26842141177406,2.0547906507624294,-7.198430996188034,-0.5341351585423356,-7.96994494188965,0.12506005106633936,-10.400172507247477,0.7570182977684463,-8.57325637310245,1.0840167940929448,-6.689500373986817
Peace,0.0,0.0,-2.4434059567275828,-2.574593546172224,-3.470799432466764,-5.958284387736264,-2.471271078219821,-9.070750358449763,-1.2589574593682218,-11.270228776142543,-3.6158201747542766,-9.302701190206175,-5.052698176729288,-12.965397540900668,-5.858731647488047,-15.311706509035853,-6.41470595425211,-17.351818205907463,-1.9466520976262731,-9.80869744720507,-2.5627736824303358,-14.442330159018159,-3.1205073192353825,-17.098082417369532,-3.390807243325046,-19.310239736188514,-0.23295666829085915,-9.234206209373665,-0.543107994056293,-12.396958503266536,-1.2248491869592926,-10.06660260178275,-1.474286145420963,-7.9928615421995355,1.437612313929323,-8.015756258233395,1.0899619651183048,-10.738574296473297,0.24551272758228443,-9.355226302283452,-0.27965287181781134,-7.626677921878249
Peace,-0.0,0.0,2.4434059567275828,-2.574593546172224,3.470799432466764,-5.958284387736264,2.471271078219821,-9.070750358449763,1.2589574593682218,-11.270228776142543,3.6158201747542766,-9.302701190206175,5.052698176729288,-12.965397540900668,5.858731647488047,-15.311706509035853,6.41470595425211,-17.351818205907463,1.9466520976262731,-9.80869744720507,2.5627736824303358,-14.442330159018159,3.1205073192353825,-17.098082417369532,3.390807243325046,-19.310239736188514,0.23295666829085915,-9.234206209373665,0.543107994056293,-12.396958503266536,1.2248491869592926,-10.06660260178275,1.474286145420963,-7.9928615421995355,-1.437612313929323,-8.015756258233395,-1.0899619651183048,-10.738574296473297,-0.24551272758228443,-9.355226302283452,0.27965287181781134,-7.626677921878249
Peace,0.0,0.0,-2.9501928809956803,-0.4153348132196319,-5.442432480560068,-2.633169070520906,-6.155516460263154,-6.120460273834974,-6.428968784032493,-8.917416650566889,-7.785225989080084,-5.670974351627832,-10.837159639086536,-7.694801401719518,-12.768428109257256,-9.040644725449686,-14.388155919301006,-10.284596803247693,-6.74411773837711,-7.383554423914489,-9.638808102462079,-10.86772460012905,-11.521890568317776,-12.674935967544346,-13.045277960554174,-14.334248771137974,-5.024246573206494,-8.001349641618653,-6.726757241340544,-10.17252583337218,-5.726996944828715,-7.651250661341415,-4.758412850153434,-5.8570428489759525,-2.985353113303286,-7.879101031409599,-4.569874039851706,-9.953761976427305,-4.299412429767953,-7.9058165518408385,-3.751177777230409,-5.953071514380342
Peace,-0.0,0.0,2.9501928809956803,-0.4153348132196319,5.442432480560068,-2.633169070520906,6.155516460263154,-6.120460273834974,6.428968784032493,-8.917416650566889,7.785225989080084,-5.670974351627832,10.837159639086536,-7.694801401719518,12.768428109257256,-9.040644725449686,14.388155919301006,-10.284596803247693,6.74411773837711,-7.383554423914489,9.638808102462079,-10.86772460012905,11.521890568317776,-12.674935967544346,13.045277960554174,-14.334248771137974,5.024246573206494,-8.001349641618653,6.726757241340544,-10.17252583337218,5.726996944828715,-7.651250661341415,4.758412850153434,-5.8570428489759525,2.985353113303286,-7.879101031409599,4.569874039851706,-9.953761976427305,4.299412429767953,-7.9058165518408385,3.751177777230409,-5.953071514380342
Peace,0.0,0.0,-2.933532616176211,-1.9295195503170186,-4.824156091553597,-5.049204170197076,-4.563150040856213,-8.734463370824809,-4.106543949529521,-11.435423324260473,-6.746963415154659,-7.386569601260619,-9.198608188613647,-10.405108516422258,-10.600252621947167,-12.306125824049422,-11.734958147059977,-13.968863105845875,-5.212903296519713,-8.533793952348152,-7.059033355041494,-12.396053364289628,-8.138720672718776,-14.785584178517194,-8.910676060714511,-16.795626656661995,-3.3666876202465077,-8.68557851015556,-3.9636160200990656,-11.216153684589623,-3.559952636580641,-9.35302745753642,-3.1556497529347265,-7.676827689412112,-1.494672061827005,-8.423397971867942,-2.1728396538786625,-10.956906293314436,-2.239365218696544,-9.758649244512748,-2.1367878549107986,-8.295564132976642
Peace,-0.0,0.0,2.933532616176211,-1.9295195503170186,4.824156091553597,-5.049204170197076,4.563150040856213,-8.734463370824809,4.106543949529521,-11.435423324260473,6.746963415154659,-7.386569601260619,9.198608188613647,-10.405108516422258,10.600252621947167,-12.306125824049422,11.734958147059977,-13.968863105845875,5.212903296519713,-8.533793952348152,7.059033355041494,-12.396053364289628,8.138720672718776,-14.785584178517194,8.910676060714511,-16.795626656661995,3.3666876202465077,-8.68557851015556,3.9636160200990656,-11.216153684589623,3.559952636580641,-9.35302745753642,3.1556497529347265,-7.676827689412112,1.494672061827005,-8.423397971867942,2.1728396538786625,-10.956906293314436,2.239365218696544,-9.758649244512748,2.1367878549107986,-8.295564132976642
Peace,0.0,0.0,-2.936236864063855,-2.4596612260719053,-4.371601675022815,-6.135706587673672,-3.6418728487560332,-9.696856843585998,-2.4832309458613366,-12.042358529685059,-4.604786428801831,-8.675360365321522,-6.49566075916156,-12.365197053023495,-7.58039598196708,-14.687541771231343,-8.335594488528283,-16.75429481244188,-3.016616450046909,-9.534150470456526,-4.0021076401357,-14.282999974689629,-4.755764180070023,-17.016204589343136,-5.073644392428617,-19.33646094856747,-1.3098240189156762,-9.436364536965216,-1.8278756039846433,-13.228012245756792,-2.3908080284584527,-10.981393051833058,-2.424823383415241,-8.761629030752381,0.46279279067102375,-8.793857887704824,-0.1259167914211219,-11.83061486703966,-0.8972006375178069,-10.58393024434105,-1.2375513389965807,-8.719542761851239
Peace,-0.0,0.0,2.936236864063855,-2.4596612260719053,4.371601675022815,-6.135706587673672,3.6418728487560332,-9.696856843585998,2.4832309458613366,-12.042358529685059,4.604786428801831,-8.675360365321522,6.49566075916156,-12.365197053023495,7.58039598196708,-14.687541771231343,8.335594488528283,-16.75429481244188,3.016616450046909,-9.534150470456526,4.0021076401357,-14.282999974689629,4.755764180070023,-17.016204589343136,5.073644392428617,-19.33646094856747,1.3098240189156762,-9.436364536965216,1.8278756039846433,-13.228012245756792,2.3908080284584527,-10.981393051833058,2.424823383415241,-8.761629030752381,-0.46279279067102375,-8.793857887704824,0.1259167914211219,-11.83061486703966,0.8972006375178069,-10.58393024434105,1.2375513389965807,-8.719542761851239
Peace,0.0,0.0,-2.717970591204628,-2.0316611792619486,-4.370645442033564,-5.304506236661863,-3.7106847582310225,-8.870459473941903,-3.0866255433536574,-11.538252571162948,-6.033525763182955,-7.982470519199647,-8.191039555734774,-11.496928958139973,-9.430298842045513,-13.714580465462763,-10.41430918622679,-15.636185868135128,-4.418535974922552,-8.970871743499357,-5.8519263836374185,-13.18966980646038,-6.68401561641806,-15.860208208737472,-7.2244096478761,-18.18091830481988,-2.6036065150048886,-8.920292700230139,-2.7951943210218873,-11.10952742716668,-2.5338237943656328,-9.14058314888962,-2.271138278364406,-7.5153039029268225,-0.8357568450189499,-8.354189336637086,-1.1462062390345178,-10.879418131485975,-1.240041277460013,-9.695539577322165,-1.2233624864054364,-8.273830231735486
Peace,-0.0,0.0,2.717970591204628,-2.0316611792619486,4.370645442033564,-5.304506236661863,3.7106847582310225,-8.870459473941903,3.0866255433536574,-11.538252571162948,6.033525763182955,-7.982470519199647,8.191039555734774,-11.496928958139973,9.430298842045513,-13.714580465462763,10.41430918622679,-15.636185868135128,4.418535974922552,-8.970871743499357,5.8519263836374185,-13.18966980646038,6.68401561641806,-15.860208208737472,7.2244096478761,-18.18091830481988,2.6036065150048886,-8.920292700230139,2.7951943210218873,-11.10952742716668,2.5338237943656328,-9.14058314888962,2.271138278364406,-7.5153039029268225,0.8357568450189499,-8.354189336637086,1.1462062390345178,-10.879418131485975,1.240041277460013,-9.695539577322165,1.2233624864054364,-8.273830231735486
Peace,0.0,0.0,-0.2468281258365339,-3.237455615111307,1.1325120201004304,-6.298895025961742,3.636145220172952,-7.2369763916113445,5.833176089697866,-7.75655513851534,3.7770484044407158,-9.961824981243486,5.950963643285143,-13.31981458794906,7.421575254109567,-15.30025224871559,8.727464235475006,-16.915648433123884,5.146920842029413,-8.57375097876555,8.285753930187083,-11.491203153403758,10.16545639343885,-13.169403116311154,11.792524101913926,-14.498670275620606,5.700532136429393,-6.50303108729126,7.445290008228488,-8.080652218805929,5.463518310925092,-6.816785953550869,4.019376997601477,-5.703732999124831,5.703629326300548,-4.064886919926296,7.194413664508233,-5.676251853690097,5.6948464999734805,-5.136863618208397,4.239380450972908,-4.416058067018544
Peace,-0.0,0.0,0.2468281258365339,-3.237455615111307,-1.1325120201004304,-6.298895025961742,-3.636145220172952,-7.2369763916113445,-5.833176089697866,-7.75655513851534,-3.7770484044407158,-9.961824981243486,-5.950963643285143,-13.31981458794906,-7.421575254109567,-15.30025224871559,-8.727464235475006,-16.915648433123884,-5.146920842029413,-8.57375097876555,-8.285753930187083,-11.491203153403758,-10.16545639343885,-13.169403116311154,-11.792524101913926,-14.498670275620606,-5.700532136429393,-6.50303108729126,-7.445290008228488,-8.080652218805929,-5.463518310925092,-6.816785953550869,-4.019376997601477,-5.703732999124831,-5.703629326300548,-4.064886919926296,-7.194413664508233,-5.676251853690097,-5.6948464999734805,-5.136863618208397,-4.239380450972908,-4.416058067018544
Peace,0.0,0.0,-2.292803846402562,-0.3918871652412797,-4.195474494183241,-2.127353434614688,-4.303921322342829,-5.300787077002496,-4.1772111585583405,-8.013379000940063,-7.473152132719457,-5.864935716224579,-10.54411202313836,-7.564006881091442,-12.51435719125965,-8.749366628538324,-14.131135932142525,-9.933588106314629,-6.267931055088345,-7.791857306743951,-8.600494489025778,-11.87049759367742,-9.931174340011246,-14.535248112300009,-11.013290045950923,-16.954455916174844,-4.427192147449565,-8.278118865067995,-4.9678989604869415,-10.393143645772012,-3.9938166711994425,-7.758850602185984,-3.2887347961158393,-5.924424338731153,-2.307742582989629,-7.923495367442292,-2.944566950578683,-9.628740788041936,-2.387889585388676,-7.614479051498531,-1.834213521661812,-5.948414412914434
Peace,-0.0,0.0,2.292803846402562,-0.3918871652412797,4.195474494183241,-2.127353434614688,4.303921322342829,-5.300787077002496,4.1772111585583405,-8.013379000940063,7.473152132719457,-5.864935716224579,10.54411202313836,-7.564006881091442,12.51435719125965,-8.749366628538324,14.131135932142525,-9.933588106314629,6.267931055088345,-7.791857306743951,8.600494489025778,-11.87049759367742,9.931174340011246,-14.535248112300009,11.013290045950923,-16.954455916174844,4.427192147449565,-8.278118865067995,4.9678989604869415,-10.393143645772012,3.9938166711994425,-7.758850602185984,3.2887347961158393,-5.924424338731153,2.307742582989629,-7.923495367442292,2.944566950578683,-9.628740788041936,2.387889585388676,-7.614479051498531,1.834213521661812,-5.948414412914434
Peace,0.0,0.0,-1.4495339903194628,-2.197710052818867,-1.6620509496207652,-5.18438654397458,0.16876088652123297,-7.558355643413887,1.7312633838331735,-9.295211283314021,-2.190164962271645,-9.897249179704419,-2.14381520482227,-13.893140077616298,-2.0313811750188284,-16.397689691434124,-1.8720124026310692,-18.498665587718946,-0.38403405987127615,-9.992623171162753,0.16486774662084197,-14.302567606163901,0.6647048630312514,-17.03611725148052,1.160598811210289,-19.43185356484224,1.148991211314815,-8.96177730747159,2.09097175064351,-11.039413475775012,1.6407448805207268,-8.739358167371616,1.168556429653192,-7.037807905336088,2.452954301205803,-7.314724965143433,3.2347957655117776,-9.181206786370096,2.72575670381059,-7.705019488469182,2.1091897620118227,-6.345037620567303
Peace,-0.0,0.0,1.4495339903194628,-2.197710052818867,1.6620509496207652,-5.18438654397458,-0.16876088652123297,-7.558355643413887,-1.7312633838331735,-9.295211283314021,2.190164962271645,-9.897249179704419,2.14381520482227,-13.893140077616298,2.0313811750188284,-16.397689691434124,1.8720124026310692,-18.498665587718946,0.38403405987127615,-9.992623171162753,-0.16486774662084197,-14.302567606163901,-0.6647048630312514,-17.03611725148052,-1.160598811210289,-19.43185356484224,-1.148991211314815,-8.96177730747159,-2.09097175064351,-11.039413475775012,-1.6407448805207268,-8.739358167371616,-1.168556429653192,-7.037807905336088,-2.452954301205803,-7.314724965143433,-3.2347957655117776,-9.181206786370096,-2.72575670381059,-7.705019488469182,-2.1091897620118227,-6.345037620567303
Peace,0.0,0.0,-2.034495842274044,-2.5913521511415327,-2.944060456733798,-6.061033116938375,-1.8631506942528602,-9.208269033413188,-0.9491170985231435,-11.751603564870667,-4.8352777768374535,-9.05335876571677,-5.533967743303047,-12.97425857863193,-5.844862414997692,-15.30797892935541,-6.107478566298523,-17.285321309650477,-3.1547505616596054,-9.489338696332236,-3.7198727104537683,-13.674801674714297,-3.876410634558567,-16.168359416646755,-3.9474260588781673,-18.199195467709288,-1.4309755756898366,-8.958132288531166,-1.0561844701579859,-11.421004706576685,-0.9476945655560274,-9.549192020763147,-1.0132196638835904,-8.060174603105622,0.09805851072598112,-8.067195806990831,0.3616977948683442,-10.260545698254804,0.3276733427403661,-9.070142029983677,0.17580624187496505,-7.940657972366916
Peace,-0.0,0.0,2.034495842274044,-2.5913521511415327,2.944060456733798,-6.061033116938375,1.8631506942528602,-9.208269033413188,0.9491170985231435,-11.751603564870667,4.8352777768374535,-9.05335876571677,5.533967743303047,-12.97425857863193,5.844862414997692,-15.30797892935541,6.107478566298523,-17.285321309650477,3.1547505616596054,-9.489338696332236,3.7198727104537683,-13.674801674714297,3.876410634558567,-16.168359416646755,3.9474260588781673,-18.199195467709288,1.4309755756898366,-8.958132288531166,1.0561844701579859,-11.421004706576685,0.9476945655560274,-9.549192020763147,1.0132196638835904,-8.060174603105622,-0.09805851072598112,-8.067195806990831,-0.3616977948683442,-10.260545698254804,-0.3276733427403661,-9.070142029983677,-0.17580624187496505,-7.940657972366916
Peace,0.0,0.0,-2.358641287719254,-1.631761354552762,-3.679846808526387,-5.052699369311766,-2.2940117005357834,-7.788950002937478,-0.4951749445775655,-8.952974604750816,-4.418698054203517,-8.870395591217521,-5.841947827947419,-12.289818183432033,-6.643849425875577,-14.484652611904645,-7.227446621902576,-16.268741568948286,-2.763442031651979,-9.61058729410951,-3.30819073135601,-13.757390889367668,-3.848030814286133,-16.17520693480892,-4.147295036363522,-18.179582314639408,-1.0950970454993605,-9.269040984390053,-1.4405311671311214,-12.222524790408643,-1.6852713935155754,-9.912216174288623,-1.614202511057057,-8.11472072555561,0.526283982231967,-8.32824669412887,0.14176714475127425,-10.748855150098532,-0.3073454595050648,-9.267228216946293,-0.39342655147276184,-7.76909421426229
Peace,-0.0,0.0,2.358641287719254,-1.631761354552762,3.679846808526387,-5.052699369311766,2.2940117005357834,-7.788950002937478,0.4951749445775655,-8.952974604750816,4.418698054203517,-8.870395591217521,5.841947827947419,-12.289818183432033,6.643849425875577,-14.484652611904645,7.227446621902576,-16.268741568948286,2.763442031651979,-9.61058729410951,3.30819073135601,-13.757390889367668,3.848030814286133,-16.17520693480892,4.147295036363522,-18.179582314639408,1.0950970454993605,-9.269040984390053,1.4405311671311214,-12.222524790408643,1.6852713935155754,-9.912216174288623,1.614202511057057,-8.11472072555561,-0.526283982231967,-8.32824669412887,-0.14176714475127425,-10.748855150098532,0.3073454595050648,-9.267228216946293,0.39342655147276184,-7.76909421426229
Peace,0.0,0.0,-2.221602069227005,1.015097293688508,-4.76716651847656,0.07605775726204038,-5.857943722115848,-3.4902667371169978,-6.137982097768045,-6.327775340246772,-8.895905091394514,-2.1748281053638228,-12.37460187615427,-2.586034021247149,-14.682694223119844,-2.977545183404225,-16.682041825168266,-3.438069431099746,-8.825252197749714,-4.702650704242643,-12.657547630136877,-6.816114573357902,-15.00923452361118,-8.065313327665331,-17.15379492491316,-9.308923100603655,-7.697604179223989,-6.2604759972006025,-9.979308865349713,-8.049399005818815,-8.011812480779977,-6.350561191057991,-6.480015303906907,-5.124471424382864,-5.922860802070888,-7.263110174956488,-7.768318856673421,-8.784121344799027,-6.5865169229917235,-7.405337858821791,-5.400176291199776,-6.245119991304258
Peace,-0.0,0.0,2.221602069227005,1.015097293688508,4.76716651847656,0.07605775726204038,5.857943722115848,-3.4902667371169978,6.137982097768045,-6.327775340246772,8.895905091394514,-2.1748281053638228,12.37460187615427,-2.586034021247149,14.682694223119844,-2.977545183404225,16.682041825168266,-3.438069431099746,8.825252197749714,-4.702650704242643,12.657547630136877,-6.816114573357902,15.00923452361118,-8.065313327665331,17.15379492491316,-9.308923100603655,7.697604179223989,-6.2604759972006025,9.979308865349713,-8.049399005818815,8.011812480779977,-6.350561191057991,6.480015303906907,-5.124471424382864,5.922860802070888,-7.263110174956488,7.768318856673421,-8.784121344799027,6.5865169229917235,-7.405337858821791,5.400176291199776,-6.245119991304258
Peace,0.0,0.0,-2.8987577819812094,-3.202079651330995,-3.972488909890956,-7.472687931965922,-2.1461850284094206,-10.54697137340322,-0.020515384874669192,-11.45069809036132,-4.5954267351147,-8.963607803546411,-5.777982322042412,-12.826101096862402,-6.368613292984947,-15.1561201801061,-6.798508739258379,-17.13531674355196,-2.802468962633848,-9.599279541375694,-3.000906998735272,-13.445396667544854,-3.105466144503569,-16.14504128171817,-3.0106253565916448,-18.423712939077276,-0.9699986033185706,-9.29882007175481,-0.8424932099340505,-11.91532870934257,-1.2893810148431868,-10.321686223425402,-1.3217443239447648,-8.514097998488609,0.7206086122970665,-8.673305149054139,0.5848570527017324,-11.0582690822676,0.02657129969669922,-10.4482006132449,-0.1790057056340259,-9.23459014765694
Peace,-0.0,0.0,2.8987577819812094,-3.202079651330995,3.972488909890956,-7.472687931965922,2.1461850284094206,-10.54697137340322,0.020515384874669192,-11.45069809036132,4.5954267351147,-8.963607803546411,5.777982322042412,-12.826101096862402,6.368613292984947,-15.1561201801061,6.798508739258379,-17.13531674355196,2.802468962633848,-9.599279541375694,3.000906998735272,-13.445396667544854,3.105466144503569,-16.14504128171817,3.0106253565916448,-18.423712939077276,0.9699986033185706,-9.29882007175481,0.8424932099340505,-11.91532870934257,1.2893810148431868,-10.321686223425402,1.3217443239447648,-8.514097998488609,-0.7206086122970665,-8.673305149054139,-0.5848570527017324,-11.0582690822676,-0.02657129969669922,-10.4482006132449,0.1790057056340259,-9.23459014765694
Peace,0.0,0.0,-2.550566832679838,-1.9332179572604975,-4.028252629337163,-5.4715400686544875,-3.0701288445027255,-8.294219362688192,-2.174139512893925,-9.47621360851525,-5.360607478773251,-8.693521928564385,-6.912403538769047,-12.546404299050945,-7.802452171296445,-14.934647091078805,-8.493552849051154,-16.91013360481431,-3.6613760844960677,-9.305607189640032,-4.739381684480689,-13.57378789976958,-5.370571197682431,-16.449037832341897,-5.851136104531356,-18.911063746812516,-1.8687349138691414,-8.978475780560633,-1.6299613456679076,-11.330271192358934,-1.166770394182127,-8.708507934612356,-0.9315884693129521,-6.649588480907985,-0.18867477706879499,-8.174537100347417,-0.05144244338893698,-10.109985519536128,0.06966257217280855,-8.423112056337564,0.14530164047121621,-6.907633921787342
Peace,-0.0,0.0,2.550566832679838,-1.9332179572604975,4.028252629337163,-5.4715400686544875,3.0701288445027255,-8.294219362688192,2.174139512893925,-9.47621360851525,5.360607478773251,-8.693521928564385,6.912403538769047,-12.546404299050945,7.802452171296445,-14.934647091078805,8.493552849051154,-16.91013360481431,3.6613760844960677,-9.305607189640032,4.739381684480689,-13.57378789976958,5.370571197682431,-16.449037832341897,5.851136104531356,-18.911063746812516,1.8687349138691414,-8.978475780560633,1.6299613456679076,-11.330271192358934,1.166770394182127,-8.708507934612356,0.9315884693129521,-6.649588480907985,0.18867477706879499,-8.174537100347417,0.05144244338893698,-10.109985519536128,-0.06966257217280855,-8.423112056337564,-0.14530164047121621,-6.907633921787342
Peace,0.0,0.0,-2.5364319094612133,-3.0170346645285626,-3.5260667326415085,-7.018224385012374,-2.042024571469824,-9.584968176101231,-0.5285839265100349,-10.155286511461911,-4.328253781920433,-9.401648153748509,-5.170988926295929,-13.694460186514755,-5.67310780547384,-16.35009418352604,-6.0804181349453845,-18.5721992343457,-2.5241224224260863,-9.676197910161092,-2.899225385368445,-14.047852672194125,-2.8862616461212376,-17.084122794206046,-2.7923884032175965,-19.660621152153045,-0.7862023601071642,-9.103596703351533,0.01967612559367689,-11.704572664520946,0.11120873258681865,-9.327427047085125,0.025216430258787097,-7.236687087373066,0.7580602367038737,-8.194398378294753,1.252084887348078,-10.417721171200627,1.1421839249986916,-9.0256158825314,0.9570828340339455,-7.343503821293431
Peace,-0.0,0.0,2.5364319094612133,-3.0170346645285626,3.5260667326415085,-7.018224385012374,2.042024571469824,-9.584968176101231,0.5285839265100349,-10.155286511461911,4.328253781920433,-9.401648153748509,5.170988926295929,-13.694460186514755,5.67310780547384,-16.35009418352604,6.0804181349453845,-18.5721992343457,2.5241224224260863,-9.676197910161092,2.899225385368445,-14.047852672194125,2.8862616461212376,-17.084122794206046,2.7923884032175965,-19.660621152153045,0.7862023601071642,-9.103596703351533,-0.01967612559367689,-11.704572664520946,-0.11120873258681865,-9.327427047085125,-0.025216430258787097,-7.236687087373066,-0.7580602367038737,-8.194398378294753,-1.252084887348078,-10.417721171200627,-1.1421839249986916,-9.0256158825314,-0.9570828340339455,-7.343503821293431
Peace,0.0,0.0,-2.5258562716461888,-0.6911275958536538,-4.4122951326875715,-3.0893832921480064,-4.123070700826975,-6.1221840799383385,-3.6536931195328757,-8.329496983489436,-6.706979595928279,-7.1600467013674605,-9.57185252954264,-9.80368319740108,-11.378093052022065,-11.613762114169377,-12.86203962282507,-13.311661984138965,-5.103386515032723,-8.599735233027943,-7.024112943810774,-12.814720620608577,-8.16396994355709,-15.676500233210533,-9.083909980071757,-18.21067175552252,-3.181184192795958,-8.745802898306634,-3.5381022688049164,-10.733911227408147,-2.521164156455024,-7.914892425357799,-1.7443980754439248,-5.793910991127573,-1.1959200883629526,-8.21195065128803,-1.6136140306414557,-10.220278607959361,-1.2322468647703269,-8.339406103689718,-0.8415839381176613,-6.608412203379687
Peace,-0.0,0.0,2.5258562716461888,-0.6911275958536538,4.4122951326875715,-3.0893832921480064,4.123070700826975,-6.1221840799383385,3.6536931195328757,-8.329496983489436,6.706979595928279,-7.1600467013674605,9.57185252954264,-9.80368319740108,11.378093052022065,-11.613762114169377,12.86203962282507,-13.311661984138965,5.103386515032723,-8.599735233027943,7.024112943810774,-12.814720620608577,8.16396994355709,-15.676500233210533,9.083909980071757,-18.21067175552252,3.181184192795958,-8.745802898306634,3.5381022688049164,-10.733911227408147,2.521164156455024,-7.914892425357799,1.7443980754439248,-5.793910991127573,1.1959200883629526,-8.21195065128803,1.6136140306414557,-10.220278607959361,1.2322468647703269,-8.339406103689718,0.8415839381176613,-6.608412203379687
Peace,0.0,0.0,-2.98238473427155,-2.5154556652058755,-4.523026448775025,-6.023837883518759,-3.736891222703858,-9.68987041338523,-2.875314270350441,-12.256873144863048,-6.752359732570645,-7.939244484252115,-8.507338454592828,-11.490811651078868,-9.520569317133035,-13.89974456988292,-10.337276430900337,-15.900207433331447,-5.027817596682309,-8.64413386143989,-6.602139269465342,-12.51486419088315,-7.394017899130102,-15.078351436851676,-7.898280087716003,-17.211124905125892,-3.0530688101021104,-8.410812851457823,-3.0312231356010053,-10.629380189973155,-2.5676739350630546,-8.184823767480887,-2.4426820622431276,-6.61810209156196,-1.3096401734566485,-7.8043103002712755,-1.6001710423467592,-9.765174467849269,-1.392976072485172,-7.674534741951057,-1.3656421210926335,-6.161609661971939
Peace,-0.0,0.0,2.98238473427155,-2.5154556652058755,4.523026448775025,-6.023837883518759,3.736891222703858,-9.68987041338523,2.875314270350441,-12.256873144863048,6.752359732570645,-7.939244484252115,8.507338454592828,-11.490811651078868,9.520569317133035,-13.89974456988292,10.337276430900337,-15.900207433331447,5.027817596682309,-8.64413386143989,6.602139269465342,-12.51486419088315,7.394017899130102,-15.078351436851676,7.898280087716003,-17.211124905125892,3.0530688101021104,-8.410812851457823,3.0312231356010053,-10.629380189973155,2.5676739350630546,-8.184823767480887,2.4426820622431276,-6.61810209156196,1.3096401734566485,-7.8043103002712755,1.6001710423467592,-9.765174467849269,1.392976072485172,-7.674534741951057,1.3656421210926335,-6.161609661971939
Peace,0.0,0.0,-0.4948129853789018,-2.7003617860888407,0.514761231666457,-5.400116283853497,3.2698461116414608,-6.426223151397438,5.296623988726595,-6.990180751789488,1.3623333650470164,-10.101268617227095,2.3048427999359524,-14.043007472872658,3.0230601743475236,-16.600063373228092,3.663236091041075,-18.69281364056926,3.1566781340329957,-9.488697653425255,4.763795825092844,-13.404837690325557,5.932720550875191,-15.908167172733236,7.011184099816436,-18.03871487408495,4.325674029766462,-7.860703611315892,5.664504275618893,-9.571003248720672,4.576914962951797,-7.620241513945923,3.7012052079602533,-6.192240820157373,5.058136592076745,-5.727187218806405,6.164187394525674,-7.291286854523016,5.3591642308834,-6.244455306795755,4.595833609092908,-5.304860587306341
Peace,-0.0,0.0,0.4948129853789018,-2.7003617860888407,-0.514761231666457,-5.400116283853497,-3.2698461116414608,-6.426223151397438,-5.296623988726595,-6.990180751789488,-1.3623333650470164,-10.101268617227095,-2.3048427999359524,-14.043007472872658,-3.0230601743475236,-16.600063373228092,-3.663236091041075,-18.69281364056926,-3.1566781340329957,-9.488697653425255,-4.763795825092844,-13.404837690325557,-5.932720550875191,-15.908167172733236,-7.011184099816436,-18.03871487408495,-4.325674029766462,-7.860703611315892,-5.664504275618893,-9.571003248720672,-4.576914962951797,-7.620241513945923,-3.7012052079602533,-6.192240820157373,-5.058136592076745,-5.727187218806405,-6.164187394525674,-7.291286854523016,-5.3591642308834,-6.244455306795755,-4.595833609092908,-5.304860587306341
Peace,0.0,0.0,-2.536654884374216,-0.988110614035892,-4.63167605289096,-3.5038895589068715,-4.752820627442721,-7.160405544508076,-4.652897571476019,-10.029156379188278,-7.3876190136879005,-6.309826945713516,-10.212636971229545,-9.018547258915648,-11.900491984664407,-10.775550731079358,-13.29800688116645,-12.278211288089373,-6.1424474718135,-7.891155749065658,-8.760251350448188,-11.411397850170506,-10.261761122501994,-13.453312147092014,-11.528594268462124,-15.327967813882914,-4.364144511451159,-8.383525559567452,-5.44736076000935,-10.77535209793307,-4.5034594053409815,-8.45308707654575,-3.7436440305139893,-6.746533297296405,-2.392617683652789,-8.16400405616299,-3.3446107138197188,-10.133175423100669,-2.945197444363331,-8.195013721248946,-2.4861517921808707,-6.524945549839208
Peace,-0.0,0.0,2.536654884374216,-0.988110614035892,4.63167605289096,-3.5038895589068715,4.752820627442721,-7.160405544508076,4.652897571476019,-10.029156379188278,7.3876190136879005,-6.309826945713516,10.212636971229545,-9.018547258915648,11.900491984664407,-10.775550731079358,13.29800688116645,-12.278211288089373,6.1424474718135,-7.891155749065658,8.760251350448188,-11.411397850170506,10.261761122501994,-13.453312147092014,11.528594268462124,-15.327967813882914,4.364144511451159,-8.383525559567452,5.44736076000935,-10.77535209793307,4.5034594053409815,-8.45308707654575,3.7436440305139893,-6.746533297296405,2.392617683652789,-8.16400405616299,3.3446107138197188,-10.133175423100669,2.945197444363331,-8.195013721248946,2.4861517921808707,-6.524945549839208
Peace,0.0,0.0,-2.7595136616359435,-1.8884331893075343,-4.619081289405403,-4.933100475598206,-4.40300950678983,-8.480091948458988,-4.04888458673266,-11.094194931368005,-6.574289841381996,-7.388522397008058,-8.89719138253496,-10.586465826274472,-10.247239983820842,-12.653716469734178,-11.354262148590212,-14.47227491830128,-5.160964035128891,-8.565305028316628,-7.054372696388711,-12.40452618389414,-8.11212973636227,-14.757150532553375,-8.962079734556587,-16.87171500200031,-3.412792294817126,-8.813347597679186,-3.850712842862869,-11.213610188597935,-3.3072505082715256,-9.05923552456779,-2.902999798563638,-7.286241542983189,-1.5979688295815249,-8.471686082399971,-2.0560787126532705,-10.64966388231135,-2.0165538106526784,-9.043197324888357,-1.9247473537763868,-7.365460503996452
Peace,-0.0,0.0,2.7595136616359435,-1.8884331893075343,4.619081289405403,-4.933100475598206,4.40300950678983,-8.480091948458988,4.04888458673266,-11.094194931368005,6.574289841381996,-7.388522397008058,8.89719138253496,-10.586465826274472,10.247239983820842,-12.653716469734178,11.354262148590212,-14.47227491830128,5.160964035128891,-8.565305028316628,7.054372696388711,-12.40452618389414,8.11212973636227,-14.757150532553375,8.962079734556587,-16.87171500200031,3.412792294817126,-8.813347597679186,3.850712842862869,-11.213610188597935,3.3072505082715256,-9.05923552456779,2.902999798563638,-7.286241542983189,1.5979688295815249,-8.471686082399971,2.0560787126532705,-10.64966388231135,2.0165538106526784,-9.043197324888357,1.9247473537763868,-7.365460503996452
Peace,0.0,0.0,-2.2411153554537924,0.851309011343561,-4.7675202344701235,-1.5269416107080882,-4.86854916707002,-5.502922368673212,-4.491053241088056,-8.431196524715956,-8.16351130369938,-4.790021702312202,-11.500953452383921,-7.3464324321937955,-13.72568185745298,-9.148456325240689,-15.659522024979783,-10.750583827510903,-6.971052548934889,-7.169688023895349,-10.158806901767429,-10.67062912224836,-12.232623133609433,-13.084565917430131,-14.19034209070564,-15.329461353520536,-5.1274481822709514,-8.189614075234863,-6.729621972269069,-10.877837538956028,-5.3701922347777185,-8.749697599615548,-4.286121207367757,-7.025247071844536,-2.797366258174039,-8.23279609220171,-3.6455007861644044,-10.038338318504234,-2.8295572286976935,-7.791929638459585,-2.1272045790028145,-5.711824218727832
Peace,-0.0,0.0,2.2411153554537924,0.851309011343561,4.7675202344701235,-1.5269416107080882,4.86854916707002,-5.502922368673212,4.491053241088056,-8.431196524715956,8.16351130369938,-4.790021702312202,11.500953452383921,-7.3464324321937955,13.72568185745298,-9.148456325240689,15.659522024979783,-10.750583827510903,6.971052548934889,-7.169688023895349,10.158806901767429,-10.67062912224836,12.232623133609433,-13.084565917430131,14.19034209070564,-15.329461353520536,5.1274481822709514,-8.189614075234863,6.729621972269069,-10.877837538956028,5.3701922347777185,-8.749697599615548,4.286121207367757,-7.025247071844536,2.797366258174039,-8.23279609220171,3.6455007861644044,-10.038338318504234,2.8295572286976935,-7.791929638459585,2.1272045790028145,-5.711824218727832
Peace,0.0,0.0,-2.6385599158175803,-2.6811974982276827,-4.077610685174778,-6.073392608941625,-3.496430765449534,-9.69665759888156,-2.9855017112225086,-12.211703762984815,-6.428083828182129,-7.911446139734015,-8.54342506698702,-11.284154022105607,-9.6828085970635,-13.444051181628666,-10.597123271598582,-15.244423494186963,-4.824873722214745,-8.759029259266214,-6.397630759373184,-12.632357399961123,-7.152531854682863,-15.119144267102579,-7.708146577993987,-17.073687732391363,-3.020626567410342,-8.66869992532684,-3.054469377399927,-11.032335430601805,-2.542044085869977,-9.204723082819779,-2.3509197531804777,-7.730055995981682,-1.3814301186110716,-8.231995903124648,-1.5445037985426984,-10.539449827232625,-1.2816372519146408,-9.126496633983681,-1.152341478662564,-7.769295102724296
Peace,-0.0,0.0,2.6385599158175803,-2.6811974982276827,4.077610685174778,-6.073392608941625,3.496430765449534,-9.69665759888156,2.9855017112225086,-12.211703762984815,6.428083828182129,-7.911446139734015,8.54342506698702,-11.284154022105607,9.6828085970635,-13.444051181628666,10.597123271598582,-15.244423494186963,4.824873722214745,-8.759029259266214,6.397630759373184,-12.632357399961123,7.152531854682863,-15.119144267102579,7.708146577993987,-17.073687732391363,3.020626567410342,-8.66869992532684,3.054469377399927,-11.032335430601805,2.542044085869977,-9.204723082819779,2.3509197531804777,-7.730055995981682,1.3814301186110716,-8.231995903124648,1.5445037985426984,-10.539449827232625,1.2816372519146408,-9.126496633983681,1.152341478662564,-7.769295102724296
Peace,0.0,0.0,-1.8431404382538723,-1.5970672328086566,-2.623736843349232,-4.164191164795898,-1.0594643836337936,-6.991931430890294,0.2706269340529019,-9.080255616598617,-4.29966511318011,-8.665228481864652,-5.971176047771678,-11.902353481562738,-6.961862780430205,-14.129518421486926,-7.694408078129041,-16.133627225402304,-2.450140078211504,-9.695195387259696,-2.9682423431517333,-13.73058518422202,-3.121776703128063,-16.24853274462359,-3.210723490490578,-18.467775743242186,-0.5807321603609068,-9.321440041927007,-0.0705395777950545,-11.734748608041837,-0.0032520621101141405,-9.290390816546198,-0.08473441427067444,-7.516766188113092,1.2679849307126017,-8.118915934316114,1.6321243610084817,-9.924197929087704,1.3990409193845719,-8.262079320066833,1.0907225325111796,-6.833999248893386
Peace,-0.0,0.0,1.8431404382538723,-1.5970672328086566,2.623736843349232,-4.164191164795898,1.0594643836337936,-6.991931430890294,-0.2706269340529019,-9.080255616598617,4.29966511318011,-8.665228481864652,5.971176047771678,-11.902353481562738,6.961862780430205,-14.129518421486926,7.694408078129041,-16.133627225402304,2.450140078211504,-9.695195387259696,2.9682423431517333,-13.73058518422202,3.121776703128063,-16.24853274462359,3.210723490490578,-18.467775743242186,0.5807321603609068,-9.321440041927007,0.0705395777950545,-11.734748608041837,0.0032520621101141405,-9.290390816546198,0.08473441427067444,-7.516766188113092,-1.2679849307126017,-8.118915934316114,-1.6321243610084817,-9.924197929087704,-1.3990409193845719,-8.262079320066833,-1.0907225325111796,-6.833999248893386
Peace,0.0,0.0,-2.751274121665251,-1.1778756600442255,-4.847067042472985,-3.8348673151474135,-5.191082241337668,-7.6076925651024565,-5.430642180828505,-10.606976961793979,-7.485218191009828,-6.2648577091429845,-10.40549220807575,-8.89440270969,-12.139528812581446,-10.586325100215893,-13.570984629413072,-12.083511211279326,-6.245680288911463,-7.809704074336161,-8.776300738759906,-11.603341845662047,-10.241720243254546,-13.85187180669778,-11.378757525787645,-15.842449103265652,-4.527988118920728,-8.331387115391703,-5.337010691464211,-10.363556789761557,-4.557071297103835,-8.314334301516974,-3.8487445265114606,-6.748608143734949,-2.6692366532812484,-8.176618046564593,-3.624851838404514,-10.37004737609324,-3.3545450792341174,-8.766502772201722,-2.8681213250250557,-7.146906416783358
Peace,-0.0,0.0,2.751274121665251,-1.1778756600442255,4.847067042472985,-3.8348673151474135,5.191082241337668,-7.6076925651024565,5.430642180828505,-10.606976961793979,7.485218191009828,-6.2648577091429845,10.40549220807575,-8.89440270969,12.139528812581446,-10.586325100215893,13.570984629413072,-12.083511211279326,6.245680288911463,-7.809704074336161,8.776300738759906,-11.603341845662047,10.241720243254546,-13.85187180669778,11.378757525787645,-15.842449103265652,4.527988118920728,-8.331387115391703,5.337010691464211,-10.363556789761557,4.557071297103835,-8.314334301516974,3.8487445265114606,-6.748608143734949,2.6692366532812484,-8.176618046564593,3.624851838404514,-10.37004737609324,3.3545450792341174,-8.766502772201722,2.8681213250250557,-7.146906416783358
Peace,0.0,0.0,-1.1162655288689556,-2.8235947431073756,-0.9745436057498765,-6.174029816931463,1.103402263076557,-8.838407380956667,2.7020398159199632,-10.967333699513045,-2.124589778240041,-9.997054316059238,-2.718066289092363,-13.963869644420452,-2.9239261116086337,-16.464356063058496,-3.0736982510780666,-18.510854355521936,-0.28867805607894925,-9.995832380544327,0.23089502937676495,-14.34493812682116,0.6597608780075837,-16.911736746195864,1.0739061102297423,-18.948786849899278,1.2491382951613068,-8.90375289015117,2.081312857508147,-10.731513298846922,1.6833236337796809,-8.647964503054657,1.3867850048283095,-7.22119312191991,2.4695709916483257,-7.395435983934538,3.110637204728962,-9.523428253592638,2.650145141578476,-8.07578859660789,2.2787486687510046,-6.8672367964111105
Peace,-0.0,0.0,1.1162655288689556,-2.8235947431073756,0.9745436057498765,-6.174029816931463,-1.103402263076557,-8.838407380956667,-2.7020398159199632,-10.967333699513045,2.124589778240041,-9.997054316059238,2.718066289092363,-13.963869644420452,2.9239261116086337,-16.464356063058496,3.0736982510780666,-18.510854355521936,0.28867805607894925,-9.995832380544327,-0.23089502937676495,-14.34493812682116,-0.6597608780075837,-16.911736746195864,-1.0739061102297423,-18.948786849899278,-1.2491382951613068,-8.90375289015117,-2.081312857508147,-10.731513298846922,-1.6833236337796809,-8.647964503054657,-1.3867850048283095,-7.22119312191991,-2.4695709916483257,-7.395435983934538,-3.110637204728962,-9.523428253592638,-2.650145141578476,-8.07578859660789,-2.2787486687510046,-6.8672367964111105
Peace,0.0,0.0,-2.953551582060317,-0.22566790654844332,-5.799550731664026,-2.2031268547069187,-7.181424793200081,-5.86773836051977,-8.308866483831345,-8.667355150287936,-9.140629007151228,-3.3167404177267903,-12.726011871163557,-4.851589116973441,-14.934522324505556,-5.9489442045963035,-16.749319895585042,-6.912548420939738,-8.466660853568897,-5.321245530009304,-11.89653845383912,-8.124276605313172,-13.956630602734794,-9.982213093886374,-15.618195292930096,-11.617425254359562,-7.036900393009524,-6.459821036321827,-8.301645171230119,-8.402325177471273,-6.78251543230385,-6.83837587941379,-5.632696383326734,-5.64203084441403,-5.397315743101079,-7.089762515680592,-6.702017198538168,-8.930757512923943,-5.763959996774105,-7.55719792112812,-4.844826373974204,-6.293801859879729
Peace,-0.0,0.0,2.953551582060317,-0.22566790654844332,5.799550731664026,-2.2031268547069187,7.181424793200081,-5.86773836051977,8.308866483831345,-8.667355150287936,9.140629007151228,-3.3167404177267903,12.726011871163557,-4.851589116973441,14.934522324505556,-5.9489442045963035,16.749319895585042,-6.912548420939738,8.466660853568897,-5.321245530009304,11.89653845383912,-8.124276605313172,13.956630602734794,-9.982213093886374,15.618195292930096,-11.617425254359562,7.036900393009524,-6.459821036321827,8.301645171230119,-8.402325177471273,6.78251543230385,-6.83837587941379,5.632696383326734,-5.64203084441403,5.397315743101079,-7.089762515680592,6.702017198538168,-8.930757512923943,5.763959996774105,-7.55719792112812,4.844826373974204,-6.293801859879729
